--
-- PostgreSQL database dump
--

\restrict EH02WELw3nd1NFk3DhRpayS1cLBiPblE1MkJm2KiGeb2HBmVD5AI2akYxEJDjPq

-- Dumped from database version 18.0
-- Dumped by pg_dump version 18.0

SET statement_timeout = 0;
SET lock_timeout = 0;
SET idle_in_transaction_session_timeout = 0;
SET transaction_timeout = 0;
SET client_encoding = 'UTF8';
SET standard_conforming_strings = on;
SELECT pg_catalog.set_config('search_path', '', false);
SET check_function_bodies = false;
SET xmloption = content;
SET client_min_messages = warning;
SET row_security = off;

SET default_tablespace = '';

SET default_table_access_method = heap;

--
-- Name: auth_group; Type: TABLE; Schema: public; Owner: postgres
--

CREATE TABLE public.auth_group (
    id integer NOT NULL,
    name character varying(150) NOT NULL
);


ALTER TABLE public.auth_group OWNER TO postgres;

--
-- Name: auth_group_id_seq; Type: SEQUENCE; Schema: public; Owner: postgres
--

ALTER TABLE public.auth_group ALTER COLUMN id ADD GENERATED BY DEFAULT AS IDENTITY (
    SEQUENCE NAME public.auth_group_id_seq
    START WITH 1
    INCREMENT BY 1
    NO MINVALUE
    NO MAXVALUE
    CACHE 1
);


--
-- Name: auth_group_permissions; Type: TABLE; Schema: public; Owner: postgres
--

CREATE TABLE public.auth_group_permissions (
    id bigint NOT NULL,
    group_id integer NOT NULL,
    permission_id integer NOT NULL
);


ALTER TABLE public.auth_group_permissions OWNER TO postgres;

--
-- Name: auth_group_permissions_id_seq; Type: SEQUENCE; Schema: public; Owner: postgres
--

ALTER TABLE public.auth_group_permissions ALTER COLUMN id ADD GENERATED BY DEFAULT AS IDENTITY (
    SEQUENCE NAME public.auth_group_permissions_id_seq
    START WITH 1
    INCREMENT BY 1
    NO MINVALUE
    NO MAXVALUE
    CACHE 1
);


--
-- Name: auth_permission; Type: TABLE; Schema: public; Owner: postgres
--

CREATE TABLE public.auth_permission (
    id integer NOT NULL,
    name character varying(255) NOT NULL,
    content_type_id integer NOT NULL,
    codename character varying(100) NOT NULL
);


ALTER TABLE public.auth_permission OWNER TO postgres;

--
-- Name: auth_permission_id_seq; Type: SEQUENCE; Schema: public; Owner: postgres
--

ALTER TABLE public.auth_permission ALTER COLUMN id ADD GENERATED BY DEFAULT AS IDENTITY (
    SEQUENCE NAME public.auth_permission_id_seq
    START WITH 1
    INCREMENT BY 1
    NO MINVALUE
    NO MAXVALUE
    CACHE 1
);


--
-- Name: auth_user; Type: TABLE; Schema: public; Owner: postgres
--

CREATE TABLE public.auth_user (
    id integer NOT NULL,
    password character varying(128) NOT NULL,
    last_login timestamp with time zone,
    is_superuser boolean NOT NULL,
    username character varying(150) NOT NULL,
    first_name character varying(150) NOT NULL,
    last_name character varying(150) NOT NULL,
    email character varying(254) NOT NULL,
    is_staff boolean NOT NULL,
    is_active boolean NOT NULL,
    date_joined timestamp with time zone NOT NULL
);


ALTER TABLE public.auth_user OWNER TO postgres;

--
-- Name: auth_user_groups; Type: TABLE; Schema: public; Owner: postgres
--

CREATE TABLE public.auth_user_groups (
    id bigint NOT NULL,
    user_id integer NOT NULL,
    group_id integer NOT NULL
);


ALTER TABLE public.auth_user_groups OWNER TO postgres;

--
-- Name: auth_user_groups_id_seq; Type: SEQUENCE; Schema: public; Owner: postgres
--

ALTER TABLE public.auth_user_groups ALTER COLUMN id ADD GENERATED BY DEFAULT AS IDENTITY (
    SEQUENCE NAME public.auth_user_groups_id_seq
    START WITH 1
    INCREMENT BY 1
    NO MINVALUE
    NO MAXVALUE
    CACHE 1
);


--
-- Name: auth_user_id_seq; Type: SEQUENCE; Schema: public; Owner: postgres
--

ALTER TABLE public.auth_user ALTER COLUMN id ADD GENERATED BY DEFAULT AS IDENTITY (
    SEQUENCE NAME public.auth_user_id_seq
    START WITH 1
    INCREMENT BY 1
    NO MINVALUE
    NO MAXVALUE
    CACHE 1
);


--
-- Name: auth_user_user_permissions; Type: TABLE; Schema: public; Owner: postgres
--

CREATE TABLE public.auth_user_user_permissions (
    id bigint NOT NULL,
    user_id integer NOT NULL,
    permission_id integer NOT NULL
);


ALTER TABLE public.auth_user_user_permissions OWNER TO postgres;

--
-- Name: auth_user_user_permissions_id_seq; Type: SEQUENCE; Schema: public; Owner: postgres
--

ALTER TABLE public.auth_user_user_permissions ALTER COLUMN id ADD GENERATED BY DEFAULT AS IDENTITY (
    SEQUENCE NAME public.auth_user_user_permissions_id_seq
    START WITH 1
    INCREMENT BY 1
    NO MINVALUE
    NO MAXVALUE
    CACHE 1
);


--
-- Name: django_admin_log; Type: TABLE; Schema: public; Owner: postgres
--

CREATE TABLE public.django_admin_log (
    id integer NOT NULL,
    action_time timestamp with time zone NOT NULL,
    object_id text,
    object_repr character varying(200) NOT NULL,
    action_flag smallint NOT NULL,
    change_message text NOT NULL,
    content_type_id integer,
    user_id integer NOT NULL,
    CONSTRAINT django_admin_log_action_flag_check CHECK ((action_flag >= 0))
);


ALTER TABLE public.django_admin_log OWNER TO postgres;

--
-- Name: django_admin_log_id_seq; Type: SEQUENCE; Schema: public; Owner: postgres
--

ALTER TABLE public.django_admin_log ALTER COLUMN id ADD GENERATED BY DEFAULT AS IDENTITY (
    SEQUENCE NAME public.django_admin_log_id_seq
    START WITH 1
    INCREMENT BY 1
    NO MINVALUE
    NO MAXVALUE
    CACHE 1
);


--
-- Name: django_content_type; Type: TABLE; Schema: public; Owner: postgres
--

CREATE TABLE public.django_content_type (
    id integer NOT NULL,
    app_label character varying(100) NOT NULL,
    model character varying(100) NOT NULL
);


ALTER TABLE public.django_content_type OWNER TO postgres;

--
-- Name: django_content_type_id_seq; Type: SEQUENCE; Schema: public; Owner: postgres
--

ALTER TABLE public.django_content_type ALTER COLUMN id ADD GENERATED BY DEFAULT AS IDENTITY (
    SEQUENCE NAME public.django_content_type_id_seq
    START WITH 1
    INCREMENT BY 1
    NO MINVALUE
    NO MAXVALUE
    CACHE 1
);


--
-- Name: django_migrations; Type: TABLE; Schema: public; Owner: postgres
--

CREATE TABLE public.django_migrations (
    id bigint NOT NULL,
    app character varying(255) NOT NULL,
    name character varying(255) NOT NULL,
    applied timestamp with time zone NOT NULL
);


ALTER TABLE public.django_migrations OWNER TO postgres;

--
-- Name: django_migrations_id_seq; Type: SEQUENCE; Schema: public; Owner: postgres
--

ALTER TABLE public.django_migrations ALTER COLUMN id ADD GENERATED BY DEFAULT AS IDENTITY (
    SEQUENCE NAME public.django_migrations_id_seq
    START WITH 1
    INCREMENT BY 1
    NO MINVALUE
    NO MAXVALUE
    CACHE 1
);


--
-- Name: django_session; Type: TABLE; Schema: public; Owner: postgres
--

CREATE TABLE public.django_session (
    session_key character varying(40) NOT NULL,
    session_data text NOT NULL,
    expire_date timestamp with time zone NOT NULL
);


ALTER TABLE public.django_session OWNER TO postgres;

--
-- Name: monitoring_project; Type: TABLE; Schema: public; Owner: postgres
--

CREATE TABLE public.monitoring_project (
    id bigint NOT NULL,
    name character varying(200) NOT NULL,
    description text NOT NULL,
    status character varying(50) NOT NULL,
    latitude double precision NOT NULL,
    longitude double precision NOT NULL,
    created_at timestamp with time zone NOT NULL,
    updated_at timestamp with time zone NOT NULL,
    image character varying(100),
    barangay character varying(100),
    end_date date,
    prn character varying(50),
    project_cost character varying(100),
    source_of_funds character varying(100),
    start_date date,
    progress integer,
    CONSTRAINT monitoring_project_progress_check CHECK ((progress >= 0))
);


ALTER TABLE public.monitoring_project OWNER TO postgres;

--
-- Name: monitoring_project_assigned_engineers; Type: TABLE; Schema: public; Owner: postgres
--

CREATE TABLE public.monitoring_project_assigned_engineers (
    id bigint NOT NULL,
    project_id bigint NOT NULL,
    user_id integer NOT NULL
);


ALTER TABLE public.monitoring_project_assigned_engineers OWNER TO postgres;

--
-- Name: monitoring_project_assigned_engineers_id_seq; Type: SEQUENCE; Schema: public; Owner: postgres
--

ALTER TABLE public.monitoring_project_assigned_engineers ALTER COLUMN id ADD GENERATED BY DEFAULT AS IDENTITY (
    SEQUENCE NAME public.monitoring_project_assigned_engineers_id_seq
    START WITH 1
    INCREMENT BY 1
    NO MINVALUE
    NO MAXVALUE
    CACHE 1
);


--
-- Name: monitoring_project_id_seq; Type: SEQUENCE; Schema: public; Owner: postgres
--

ALTER TABLE public.monitoring_project ALTER COLUMN id ADD GENERATED BY DEFAULT AS IDENTITY (
    SEQUENCE NAME public.monitoring_project_id_seq
    START WITH 1
    INCREMENT BY 1
    NO MINVALUE
    NO MAXVALUE
    CACHE 1
);


--
-- Name: projeng_layer; Type: TABLE; Schema: public; Owner: postgres
--

CREATE TABLE public.projeng_layer (
    id bigint NOT NULL,
    name character varying(255) NOT NULL,
    description text,
    type character varying(20) NOT NULL,
    geometry jsonb,
    created_at timestamp with time zone NOT NULL,
    updated_at timestamp with time zone NOT NULL,
    created_by_id integer NOT NULL
);


ALTER TABLE public.projeng_layer OWNER TO postgres;

--
-- Name: projeng_layer_id_seq; Type: SEQUENCE; Schema: public; Owner: postgres
--

ALTER TABLE public.projeng_layer ALTER COLUMN id ADD GENERATED BY DEFAULT AS IDENTITY (
    SEQUENCE NAME public.projeng_layer_id_seq
    START WITH 1
    INCREMENT BY 1
    NO MINVALUE
    NO MAXVALUE
    CACHE 1
);


--
-- Name: projeng_notification; Type: TABLE; Schema: public; Owner: postgres
--

CREATE TABLE public.projeng_notification (
    id bigint NOT NULL,
    message text NOT NULL,
    created_at timestamp with time zone NOT NULL,
    is_read boolean NOT NULL,
    recipient_id integer NOT NULL
);


ALTER TABLE public.projeng_notification OWNER TO postgres;

--
-- Name: projeng_notification_id_seq; Type: SEQUENCE; Schema: public; Owner: postgres
--

ALTER TABLE public.projeng_notification ALTER COLUMN id ADD GENERATED BY DEFAULT AS IDENTITY (
    SEQUENCE NAME public.projeng_notification_id_seq
    START WITH 1
    INCREMENT BY 1
    NO MINVALUE
    NO MAXVALUE
    CACHE 1
);


--
-- Name: projeng_progressphoto; Type: TABLE; Schema: public; Owner: postgres
--

CREATE TABLE public.projeng_progressphoto (
    id bigint NOT NULL,
    image character varying(100) NOT NULL,
    uploaded_at timestamp with time zone NOT NULL,
    progress_update_id bigint NOT NULL
);


ALTER TABLE public.projeng_progressphoto OWNER TO postgres;

--
-- Name: projeng_progressphoto_id_seq; Type: SEQUENCE; Schema: public; Owner: postgres
--

ALTER TABLE public.projeng_progressphoto ALTER COLUMN id ADD GENERATED BY DEFAULT AS IDENTITY (
    SEQUENCE NAME public.projeng_progressphoto_id_seq
    START WITH 1
    INCREMENT BY 1
    NO MINVALUE
    NO MAXVALUE
    CACHE 1
);


--
-- Name: projeng_project; Type: TABLE; Schema: public; Owner: postgres
--

CREATE TABLE public.projeng_project (
    id bigint NOT NULL,
    name character varying(255) NOT NULL,
    description text,
    status character varying(20) NOT NULL,
    start_date date,
    end_date date,
    created_at timestamp with time zone NOT NULL,
    updated_at timestamp with time zone NOT NULL,
    last_update date,
    created_by_id integer NOT NULL,
    barangay character varying(255),
    image character varying(100),
    latitude double precision,
    longitude double precision,
    prn character varying(255),
    project_cost numeric(15,2),
    source_of_funds character varying(255),
    progress integer,
    CONSTRAINT projeng_project_progress_check CHECK ((progress >= 0))
);


ALTER TABLE public.projeng_project OWNER TO postgres;

--
-- Name: projeng_project_assigned_engineers; Type: TABLE; Schema: public; Owner: postgres
--

CREATE TABLE public.projeng_project_assigned_engineers (
    id bigint NOT NULL,
    project_id bigint NOT NULL,
    user_id integer NOT NULL
);


ALTER TABLE public.projeng_project_assigned_engineers OWNER TO postgres;

--
-- Name: projeng_project_assigned_engineers_id_seq; Type: SEQUENCE; Schema: public; Owner: postgres
--

ALTER TABLE public.projeng_project_assigned_engineers ALTER COLUMN id ADD GENERATED BY DEFAULT AS IDENTITY (
    SEQUENCE NAME public.projeng_project_assigned_engineers_id_seq
    START WITH 1
    INCREMENT BY 1
    NO MINVALUE
    NO MAXVALUE
    CACHE 1
);


--
-- Name: projeng_project_id_seq; Type: SEQUENCE; Schema: public; Owner: postgres
--

ALTER TABLE public.projeng_project ALTER COLUMN id ADD GENERATED BY DEFAULT AS IDENTITY (
    SEQUENCE NAME public.projeng_project_id_seq
    START WITH 1
    INCREMENT BY 1
    NO MINVALUE
    NO MAXVALUE
    CACHE 1
);


--
-- Name: projeng_projectcost; Type: TABLE; Schema: public; Owner: postgres
--

CREATE TABLE public.projeng_projectcost (
    id bigint NOT NULL,
    date date NOT NULL,
    cost_type character varying(20) NOT NULL,
    description text NOT NULL,
    amount numeric(15,2) NOT NULL,
    receipt character varying(100),
    created_at timestamp with time zone NOT NULL,
    created_by_id integer NOT NULL,
    project_id bigint NOT NULL
);


ALTER TABLE public.projeng_projectcost OWNER TO postgres;

--
-- Name: projeng_projectcost_id_seq; Type: SEQUENCE; Schema: public; Owner: postgres
--

ALTER TABLE public.projeng_projectcost ALTER COLUMN id ADD GENERATED BY DEFAULT AS IDENTITY (
    SEQUENCE NAME public.projeng_projectcost_id_seq
    START WITH 1
    INCREMENT BY 1
    NO MINVALUE
    NO MAXVALUE
    CACHE 1
);


--
-- Name: projeng_projectdocument; Type: TABLE; Schema: public; Owner: postgres
--

CREATE TABLE public.projeng_projectdocument (
    id bigint NOT NULL,
    file character varying(100) NOT NULL,
    name character varying(255) NOT NULL,
    uploaded_at timestamp with time zone NOT NULL,
    project_id bigint NOT NULL,
    uploaded_by_id integer
);


ALTER TABLE public.projeng_projectdocument OWNER TO postgres;

--
-- Name: projeng_projectdocument_id_seq; Type: SEQUENCE; Schema: public; Owner: postgres
--

ALTER TABLE public.projeng_projectdocument ALTER COLUMN id ADD GENERATED BY DEFAULT AS IDENTITY (
    SEQUENCE NAME public.projeng_projectdocument_id_seq
    START WITH 1
    INCREMENT BY 1
    NO MINVALUE
    NO MAXVALUE
    CACHE 1
);


--
-- Name: projeng_projectprogress; Type: TABLE; Schema: public; Owner: postgres
--

CREATE TABLE public.projeng_projectprogress (
    id bigint NOT NULL,
    date date NOT NULL,
    percentage_complete integer NOT NULL,
    description text NOT NULL,
    created_at timestamp with time zone NOT NULL,
    created_by_id integer NOT NULL,
    project_id bigint NOT NULL
);


ALTER TABLE public.projeng_projectprogress OWNER TO postgres;

--
-- Name: projeng_projectprogress_id_seq; Type: SEQUENCE; Schema: public; Owner: postgres
--

ALTER TABLE public.projeng_projectprogress ALTER COLUMN id ADD GENERATED BY DEFAULT AS IDENTITY (
    SEQUENCE NAME public.projeng_projectprogress_id_seq
    START WITH 1
    INCREMENT BY 1
    NO MINVALUE
    NO MAXVALUE
    CACHE 1
);


--
-- Data for Name: auth_group; Type: TABLE DATA; Schema: public; Owner: postgres
--

COPY public.auth_group (id, name) FROM stdin;
2	Project Engineer
3	Finance Manager
1	Head Engineer
\.


--
-- Data for Name: auth_group_permissions; Type: TABLE DATA; Schema: public; Owner: postgres
--

COPY public.auth_group_permissions (id, group_id, permission_id) FROM stdin;
33	2	32
34	2	33
35	2	34
36	2	35
37	2	36
38	2	29
39	2	30
40	2	31
41	2	17
42	2	18
43	2	19
44	2	20
45	1	1
46	1	2
47	1	3
48	1	4
49	1	5
50	1	6
51	1	7
52	1	8
53	1	9
54	1	10
55	1	11
56	1	12
57	1	13
58	1	14
59	1	15
60	1	16
61	1	17
62	1	18
63	1	19
64	1	20
65	1	21
66	1	22
67	1	23
68	1	24
69	1	25
70	1	26
71	1	27
72	1	28
73	1	29
74	1	30
75	1	31
76	1	32
77	1	33
78	1	34
79	1	35
80	1	36
81	3	36
82	3	37
83	3	38
84	3	39
85	3	40
86	3	44
87	3	48
88	3	52
89	3	53
90	3	54
91	3	55
92	3	56
93	3	28
94	3	17
95	3	18
96	3	19
97	3	20
98	3	25
99	3	26
100	3	27
101	3	29
102	3	30
103	3	31
104	3	32
105	3	33
106	3	34
107	3	35
108	3	41
109	3	42
110	3	43
111	3	45
112	3	46
113	3	47
114	3	49
115	3	50
116	3	51
117	1	37
118	1	38
119	1	39
120	1	40
121	1	41
122	1	42
123	1	43
124	1	44
125	1	45
126	1	46
127	1	47
128	1	48
129	1	49
130	1	50
131	1	51
132	1	52
133	1	53
134	1	54
135	1	55
136	1	56
\.


--
-- Data for Name: auth_permission; Type: TABLE DATA; Schema: public; Owner: postgres
--

COPY public.auth_permission (id, name, content_type_id, codename) FROM stdin;
1	Can add log entry	1	add_logentry
2	Can change log entry	1	change_logentry
3	Can delete log entry	1	delete_logentry
4	Can view log entry	1	view_logentry
5	Can add permission	2	add_permission
6	Can change permission	2	change_permission
7	Can delete permission	2	delete_permission
8	Can view permission	2	view_permission
9	Can add group	3	add_group
10	Can change group	3	change_group
11	Can delete group	3	delete_group
12	Can view group	3	view_group
13	Can add user	4	add_user
14	Can change user	4	change_user
15	Can delete user	4	delete_user
16	Can view user	4	view_user
17	Can add content type	5	add_contenttype
18	Can change content type	5	change_contenttype
19	Can delete content type	5	delete_contenttype
20	Can view content type	5	view_contenttype
21	Can add session	6	add_session
22	Can change session	6	change_session
23	Can delete session	6	delete_session
24	Can view session	6	view_session
25	Can add project	7	add_project
26	Can change project	7	change_project
27	Can delete project	7	delete_project
28	Can view project	7	view_project
29	Can add layer	8	add_layer
30	Can change layer	8	change_layer
31	Can delete layer	8	delete_layer
32	Can view layer	8	view_layer
33	Can add project	9	add_project
34	Can change project	9	change_project
35	Can delete project	9	delete_project
36	Can view project	9	view_project
37	Can add project cost	10	add_projectcost
38	Can change project cost	10	change_projectcost
39	Can delete project cost	10	delete_projectcost
40	Can view project cost	10	view_projectcost
41	Can add project progress	11	add_projectprogress
42	Can change project progress	11	change_projectprogress
43	Can delete project progress	11	delete_projectprogress
44	Can view project progress	11	view_projectprogress
45	Can add progress photo	12	add_progressphoto
46	Can change progress photo	12	change_progressphoto
47	Can delete progress photo	12	delete_progressphoto
48	Can view progress photo	12	view_progressphoto
49	Can add project document	13	add_projectdocument
50	Can change project document	13	change_projectdocument
51	Can delete project document	13	delete_projectdocument
52	Can view project document	13	view_projectdocument
53	Can add notification	14	add_notification
54	Can change notification	14	change_notification
55	Can delete notification	14	delete_notification
56	Can view notification	14	view_notification
\.


--
-- Data for Name: auth_user; Type: TABLE DATA; Schema: public; Owner: postgres
--

COPY public.auth_user (id, password, last_login, is_superuser, username, first_name, last_name, email, is_staff, is_active, date_joined) FROM stdin;
4	pbkdf2_sha256$1000000$1USEBAMmPj00q2pvzNvfq5$/Nv4I2r99n4NWdIVhttko2Eoarb3xDXDI/GhYGnO9Es=	2025-07-23 13:40:35.915348+08	f	projeng1				f	t	2025-05-22 15:32:04+08
1	pbkdf2_sha256$1000000$DXyC8OCreB9C5wW1eESdrv$FM+vxbLxd1AhnPuul0PUAeBNhYcv/cfzIq/EdZEhYxs=	2025-07-24 02:12:53.384749+08	t	admin				t	t	2025-05-21 00:59:26+08
3	pbkdf2_sha256$1000000$FnKuwQix4bXoTTBz33Mx61$Tas2NBjay0Og/aCE3HYLARrUaDiNs0BFjcqaBYxTHxc=	2025-11-06 11:47:13.872287+08	f	projeng				f	t	2025-05-21 01:03:26+08
5	pbkdf2_sha256$1000000$Bv0GEn6m3Xor6K31rbJItr$Nl2FVdw3RaP0OMhhZ2Hl/TYhgIIqZh0CigLNr/rMBI4=	2025-11-06 11:47:34.61796+08	f	financeman				f	t	2025-07-23 20:45:49+08
2	pbkdf2_sha256$1000000$od1UGEy9V90UVGlKZeIQyh$hh7cboRJaxkcVX+kIMMMglPGDgfefQ//Zmh9hbL1L+o=	2025-11-06 17:57:00.69295+08	t	headeng				t	t	2025-05-21 01:02:26+08
\.


--
-- Data for Name: auth_user_groups; Type: TABLE DATA; Schema: public; Owner: postgres
--

COPY public.auth_user_groups (id, user_id, group_id) FROM stdin;
1	2	1
2	3	2
3	4	2
6	1	1
7	5	3
8	2	2
\.


--
-- Data for Name: auth_user_user_permissions; Type: TABLE DATA; Schema: public; Owner: postgres
--

COPY public.auth_user_user_permissions (id, user_id, permission_id) FROM stdin;
1	2	1
2	2	2
3	2	3
4	2	4
5	2	5
6	2	6
7	2	7
8	2	8
9	2	9
10	2	10
11	2	11
12	2	12
13	2	13
14	2	14
15	2	15
16	2	16
17	2	17
18	2	18
19	2	19
20	2	20
21	2	21
22	2	22
23	2	23
24	2	24
25	2	25
26	2	26
27	2	27
28	2	28
29	2	29
30	2	30
31	2	31
32	2	32
33	2	33
34	2	34
35	2	35
36	2	36
37	3	32
38	3	33
39	3	34
40	3	35
41	3	36
42	3	17
43	3	18
44	3	19
45	3	20
46	3	29
47	3	30
48	3	31
49	4	32
50	4	33
51	4	34
52	4	35
53	4	36
54	4	17
55	4	18
56	4	19
57	4	20
58	4	29
59	4	30
60	4	31
61	5	36
62	5	37
63	5	40
64	5	44
65	5	48
66	5	52
67	5	53
68	5	56
69	5	28
71	5	17
72	5	18
73	5	19
74	5	20
75	5	25
76	5	26
77	5	27
78	5	29
79	5	30
80	5	31
81	5	32
82	5	33
83	5	34
84	5	35
85	5	38
86	5	39
87	5	41
88	5	42
89	5	43
90	5	45
91	5	46
92	5	47
93	5	49
94	5	50
95	5	51
96	5	54
97	5	55
\.


--
-- Data for Name: django_admin_log; Type: TABLE DATA; Schema: public; Owner: postgres
--

COPY public.django_admin_log (id, action_time, object_id, object_repr, action_flag, change_message, content_type_id, user_id) FROM stdin;
1	2025-05-21 01:00:51.401723+08	1	Head Engineer	1	[{"added": {}}]	3	1
2	2025-05-21 01:01:14.303073+08	2	Project Engineer	1	[{"added": {}}]	3	1
3	2025-05-21 01:02:27.165917+08	2	headeng	1	[{"added": {}}]	4	1
4	2025-05-21 01:03:27.454797+08	3	projeng	1	[{"added": {}}]	4	1
5	2025-05-21 01:04:44.156379+08	2	headeng	2	[]	4	1
6	2025-05-21 01:04:49.123821+08	3	projeng	2	[]	4	1
7	2025-05-21 01:15:31.022427+08	2	headeng	2	[{"changed": {"fields": ["Groups"]}}]	4	1
8	2025-05-21 01:15:37.622488+08	3	projeng	2	[{"changed": {"fields": ["Groups"]}}]	4	1
9	2025-05-21 11:35:30.372424+08	2	headeng	2	[]	4	1
10	2025-05-21 11:35:39.371119+08	3	projeng	2	[]	4	1
11	2025-05-21 11:39:27.235535+08	1	Head Engineer	2	[{"changed": {"fields": ["Permissions"]}}]	3	1
12	2025-05-21 11:39:51.742458+08	1	Head Engineer	2	[{"changed": {"fields": ["Permissions"]}}]	3	1
13	2025-05-21 11:40:10.785506+08	2	headeng	2	[]	4	1
14	2025-05-21 11:50:55.953052+08	2	headeng	2	[]	4	1
15	2025-05-22 15:32:04.963238+08	4	projeng1	1	[{"added": {}}]	4	1
16	2025-05-22 15:32:17.011934+08	4	projeng1	2	[{"changed": {"fields": ["Groups"]}}]	4	1
17	2025-05-22 15:32:23.292275+08	4	projeng1	2	[]	4	1
18	2025-05-22 15:33:18.532433+08	2	headeng	2	[{"changed": {"fields": ["User permissions"]}}]	4	1
19	2025-05-22 15:33:28.961428+08	2	headeng	2	[{"changed": {"fields": ["Staff status", "Superuser status"]}}]	4	1
20	2025-05-22 15:34:11.136654+08	3	projeng	2	[{"changed": {"fields": ["User permissions"]}}]	4	1
21	2025-05-22 15:34:33.067698+08	4	projeng1	2	[{"changed": {"fields": ["User permissions"]}}]	4	1
22	2025-05-22 15:49:45.880047+08	2	Project Engineer	2	[{"changed": {"fields": ["Permissions"]}}]	3	1
23	2025-05-22 15:56:54.277183+08	2	Project Engineer	2	[{"changed": {"fields": ["Permissions"]}}]	3	2
24	2025-05-22 15:57:17.453898+08	3	projeng	2	[]	4	2
25	2025-05-22 16:02:45.198331+08	1	Head Engineer	2	[{"changed": {"fields": ["Permissions"]}}]	3	2
26	2025-05-22 18:49:27.205088+08	67	School	3		7	1
27	2025-05-22 18:49:27.205088+08	66	aTestproj	3		7	1
28	2025-05-22 18:49:27.205088+08	65	School	3		7	1
29	2025-05-22 18:49:27.205088+08	64	School	3		7	1
30	2025-05-22 18:49:42.552699+08	12	Convenience Store	3		9	1
31	2025-05-22 18:49:42.552699+08	11	Convenience Store	3		9	1
32	2025-05-23 18:52:14.719988+08	77	7/11	3		7	1
33	2025-05-23 18:52:14.719988+08	74	Street Lights	3		7	1
34	2025-05-23 18:52:14.719988+08	73	Drainage Canals	3		7	1
35	2025-05-23 18:52:14.719988+08	72	MALL	3		7	1
36	2025-05-23 18:52:14.719988+08	71	Store	3		7	1
37	2025-05-23 18:52:14.719988+08	70	Water tank	3		7	1
38	2025-05-23 18:52:14.719988+08	69	NAMETEST133	3		7	1
39	2025-05-23 18:52:14.719988+08	68	NAMETEST	3		7	1
40	2025-05-23 18:52:14.719988+08	63	TICKETING BOOTH	3		7	1
41	2025-05-23 18:52:14.719988+08	62	Big 8 Hotel	3		7	1
42	2025-05-23 18:52:14.719988+08	61	Orphanage	3		7	1
43	2025-05-23 18:52:14.719988+08	60	Gasoline Station	3		7	1
44	2025-05-23 18:52:14.719988+08	59	Police Station	3		7	1
45	2025-05-23 18:52:14.719988+08	57	park	3		7	1
46	2025-05-23 18:52:14.719988+08	55	hospital	3		7	1
47	2025-05-23 18:52:14.719988+08	54	balay	3		7	1
48	2025-05-23 18:52:14.719988+08	52	sari sari	3		7	1
49	2025-05-23 18:52:14.719988+08	51	School Renovation	3		7	1
50	2025-05-23 18:52:14.719988+08	47	Municipal Gym	3		7	1
51	2025-05-23 18:52:14.719988+08	39	outpost	3		7	1
52	2025-05-23 18:52:22.971171+08	10	Photo for Drainage Canals on 2025-05-23	3		12	1
53	2025-05-23 18:52:22.971171+08	9	Photo for Drainage Canals on 2025-05-23	3		12	1
54	2025-05-23 18:52:22.971171+08	8	Photo for Drainage Canals on 2025-05-22	3		12	1
55	2025-05-23 18:52:22.971171+08	7	Photo for Drainage Canals on 2025-05-22	3		12	1
56	2025-05-23 18:52:22.971171+08	6	Photo for Drainage Canals on 2025-05-22	3		12	1
57	2025-05-23 18:52:22.971171+08	5	Photo for Drainage Canals on 2025-05-22	3		12	1
58	2025-05-23 18:52:22.971171+08	4	Photo for Drainage Canals on 2025-05-22	3		12	1
59	2025-05-23 18:52:22.971171+08	3	Photo for Drainage Canals on 2025-05-22	3		12	1
60	2025-05-23 18:52:22.971171+08	2	Photo for Drainage Canals on 2025-05-22	3		12	1
61	2025-05-23 18:52:22.971171+08	1	Photo for Drainage Canals on 2025-05-22	3		12	1
62	2025-05-23 18:52:30.736094+08	3	Drainage Canals - 2025-05-23 (7%)	3		11	1
63	2025-05-23 18:52:30.736094+08	2	Drainage Canals - 2025-05-22 (5%)	3		11	1
64	2025-05-23 18:52:30.736094+08	1	Drainage Canals - 2025-05-22 (5%)	3		11	1
65	2025-05-23 18:52:41.781307+08	39	7/11	3		9	1
66	2025-05-23 18:52:41.781307+08	36	Street Lights	3		9	1
67	2025-05-23 18:52:41.781307+08	35	Street Lights	3		9	1
68	2025-05-23 18:52:41.781307+08	34	Drainage Canals	3		9	1
69	2025-05-23 18:52:41.781307+08	33	MALL	3		9	1
70	2025-05-23 18:52:41.781307+08	32	Store	3		9	1
71	2025-05-23 18:52:41.781307+08	31	Water tank	3		9	1
72	2025-05-23 18:52:41.781307+08	30	NAMETEST133	3		9	1
73	2025-05-23 18:52:41.781307+08	29	NAMETEST	3		9	1
74	2025-05-23 18:52:41.781307+08	28	School	3		9	1
75	2025-05-23 18:52:41.781307+08	27	aTestproj	3		9	1
76	2025-05-23 18:52:41.781307+08	13	Public Comfort Room	3		9	1
77	2025-05-23 18:52:51.115008+08	38	School	3		7	1
78	2025-05-23 19:13:55.049802+08	78	Street Lights	3		7	1
79	2025-05-23 19:14:00.258662+08	40	Street Lights	3		9	1
80	2025-05-23 20:07:38.319318+08	4	Street Lights - 2025-05-23 (7%)	2	[]	11	1
81	2025-05-23 22:09:18.975478+08	79	Street Lights	3		7	2
82	2025-05-23 22:09:25.385692+08	41	Street Lights	3		9	2
83	2025-05-24 16:04:08.238159+08	46	Road Widening Project	3		9	2
84	2025-05-24 16:21:08.761625+08	51	Convenience Store	3		9	2
85	2025-05-24 16:21:08.761625+08	49	Road	3		9	2
86	2025-05-24 16:21:08.761625+08	48	Road	3		9	2
87	2025-05-24 16:21:20.723254+08	55	House	3		9	2
88	2025-05-24 19:08:45.617848+08	2	headeng	2	[{"changed": {"fields": ["Groups"]}}]	4	2
89	2025-05-24 19:08:50.803451+08	2	headeng	2	[]	4	2
90	2025-05-24 19:08:54.381158+08	3	projeng	2	[]	4	2
91	2025-05-24 19:09:01.309167+08	1	admin	2	[{"changed": {"fields": ["Groups"]}}]	4	2
92	2025-05-25 16:59:06.659017+08	59	Photo for Road Renovation on 2025-05-25	3		12	1
93	2025-05-25 16:59:06.659017+08	58	Photo for Test12 on 2025-05-25	3		12	1
94	2025-05-25 16:59:06.659017+08	57	Photo for Road Renovation on 2025-05-25	3		12	1
95	2025-05-25 16:59:06.659017+08	56	Photo for Road Renovation on 2025-05-25	3		12	1
96	2025-05-25 16:59:06.659017+08	55	Photo for Road Renovation on 2025-05-25	3		12	1
97	2025-05-25 16:59:06.659017+08	54	Photo for Test10 on 2025-05-25	3		12	1
98	2025-05-25 16:59:06.659017+08	53	Photo for Test10 on 2025-05-25	3		12	1
99	2025-05-25 16:59:06.659017+08	52	Photo for Test10 on 2025-05-25	3		12	1
100	2025-05-25 16:59:06.659017+08	51	Photo for Test10 on 2025-05-25	3		12	1
101	2025-05-25 16:59:06.659017+08	50	Photo for Test10 on 2025-05-25	3		12	1
102	2025-05-25 16:59:06.659017+08	49	Photo for Test10 on 2025-05-25	3		12	1
103	2025-05-25 16:59:06.659017+08	48	Photo for Test10 on 2025-05-25	3		12	1
104	2025-05-25 16:59:06.659017+08	47	Photo for Test10 on 2025-05-25	3		12	1
105	2025-05-25 16:59:06.659017+08	46	Photo for Test10 on 2025-05-25	3		12	1
106	2025-05-25 16:59:06.659017+08	45	Photo for Test10 on 2025-05-25	3		12	1
107	2025-05-25 16:59:06.659017+08	44	Photo for Test10 on 2025-05-25	3		12	1
108	2025-05-25 16:59:06.659017+08	43	Photo for Test10 on 2025-05-25	3		12	1
109	2025-05-25 16:59:06.659017+08	42	Photo for Road Renovation on 2025-05-25	3		12	1
110	2025-05-25 16:59:06.659017+08	41	Photo for Road Renovation on 2025-05-25	3		12	1
111	2025-05-25 16:59:06.659017+08	40	Photo for Road Renovation on 2025-05-25	3		12	1
112	2025-05-25 16:59:06.659017+08	39	Photo for Road Renovation on 2025-05-25	3		12	1
113	2025-05-25 16:59:06.659017+08	38	Photo for Road Renovation on 2025-05-25	3		12	1
114	2025-05-25 16:59:06.660014+08	37	Photo for Road Renovation on 2025-05-25	3		12	1
115	2025-05-25 16:59:06.660014+08	36	Photo for Road Renovation on 2025-05-25	3		12	1
116	2025-05-25 16:59:06.660014+08	35	Photo for Road Renovation on 2025-05-25	3		12	1
117	2025-05-25 16:59:06.660014+08	34	Photo for Road Renovation on 2025-05-25	3		12	1
118	2025-05-25 16:59:06.660014+08	33	Photo for Test10 on 2025-05-25	3		12	1
119	2025-05-25 16:59:06.660014+08	29	Photo for Water Tank on 2025-05-24	3		12	1
120	2025-05-25 16:59:06.660014+08	27	Photo for Road Renovation on 2025-05-24	3		12	1
121	2025-05-25 16:59:06.660014+08	26	Photo for Test10 on 2025-05-24	3		12	1
122	2025-05-25 16:59:06.660014+08	25	Photo for Test3 on 2025-05-24	3		12	1
123	2025-05-25 16:59:06.660014+08	24	Photo for Test4 on 2025-05-24	3		12	1
124	2025-05-25 16:59:06.660014+08	23	Photo for Test5 on 2025-05-24	3		12	1
125	2025-05-25 16:59:06.660014+08	22	Photo for Test6 on 2025-05-24	3		12	1
126	2025-05-25 16:59:06.660014+08	21	Photo for Test7 on 2025-05-24	3		12	1
127	2025-05-25 16:59:06.660014+08	20	Photo for Test8 on 2025-05-24	3		12	1
128	2025-05-25 16:59:06.660014+08	19	Photo for Test8 on 2025-05-24	3		12	1
129	2025-05-25 16:59:11.692898+08	63	Road Renovation - 2025-05-25 (80%)	3		11	1
130	2025-05-25 16:59:11.692898+08	62	Test12 - 2025-05-25 (77%)	3		11	1
131	2025-05-25 16:59:11.692898+08	61	Road Renovation - 2025-05-25 (69%)	3		11	1
132	2025-05-25 16:59:11.692898+08	60	Road Renovation - 2025-05-25 (60%)	3		11	1
133	2025-05-25 16:59:11.692898+08	59	Road Renovation - 2025-05-25 (20%)	3		11	1
134	2025-05-25 16:59:11.692898+08	58	Test10 - 2025-05-25 (70%)	3		11	1
135	2025-05-25 16:59:11.692898+08	57	Test10 - 2025-05-25 (15%)	3		11	1
136	2025-05-25 16:59:11.692898+08	56	Test10 - 2025-05-25 (80%)	3		11	1
137	2025-05-25 16:59:11.692898+08	55	Test10 - 2025-05-25 (70%)	3		11	1
138	2025-05-25 16:59:11.692898+08	54	Test10 - 2025-05-25 (20%)	3		11	1
139	2025-05-25 16:59:11.692898+08	53	Test10 - 2025-05-25 (2%)	3		11	1
140	2025-05-25 16:59:11.692898+08	52	Test10 - 2025-05-25 (10%)	3		11	1
141	2025-05-25 16:59:11.692898+08	51	Test10 - 2025-05-25 (23%)	3		11	1
142	2025-05-25 16:59:11.692898+08	50	Test10 - 2025-05-25 (20%)	3		11	1
143	2025-05-25 16:59:11.692898+08	49	Test10 - 2025-05-25 (10%)	3		11	1
144	2025-05-25 16:59:11.692898+08	48	Test10 - 2025-05-25 (32%)	3		11	1
145	2025-05-25 16:59:11.692898+08	47	Test10 - 2025-05-25 (32%)	3		11	1
146	2025-05-25 16:59:11.692898+08	46	Road Renovation - 2025-05-25 (69%)	3		11	1
147	2025-05-25 16:59:11.692898+08	45	Road Renovation - 2025-05-25 (69%)	3		11	1
148	2025-05-25 16:59:11.692898+08	44	Road Renovation - 2025-05-25 (69%)	3		11	1
149	2025-05-25 16:59:11.692898+08	43	Road Renovation - 2025-05-25 (69%)	3		11	1
150	2025-05-25 16:59:11.692898+08	42	Road Renovation - 2025-05-25 (69%)	3		11	1
151	2025-05-25 16:59:11.692898+08	41	Road Renovation - 2025-05-25 (69%)	3		11	1
152	2025-05-25 16:59:11.692898+08	40	Road Renovation - 2025-05-25 (69%)	3		11	1
153	2025-05-25 16:59:11.692898+08	39	Road Renovation - 2025-05-25 (69%)	3		11	1
154	2025-05-25 16:59:11.692898+08	38	Road Renovation - 2025-05-25 (69%)	3		11	1
155	2025-05-25 16:59:11.692898+08	37	Road Renovation - 2025-05-25 (69%)	3		11	1
156	2025-05-25 16:59:11.692898+08	36	Road Renovation - 2025-05-25 (69%)	3		11	1
157	2025-05-25 16:59:11.692898+08	35	Road Renovation - 2025-05-25 (69%)	3		11	1
158	2025-05-25 16:59:11.692898+08	34	Road Renovation - 2025-05-25 (31%)	3		11	1
159	2025-05-25 16:59:11.692898+08	33	Road Renovation - 2025-05-25 (31%)	3		11	1
160	2025-05-25 16:59:11.692898+08	32	Test10 - 2025-05-25 (68%)	3		11	1
161	2025-05-25 16:59:11.692898+08	28	Water Tank - 2025-05-24 (32%)	3		11	1
162	2025-05-25 16:59:11.692898+08	26	Road Renovation - 2025-05-24 (69%)	3		11	1
163	2025-05-25 16:59:11.692898+08	25	Test10 - 2025-05-24 (32%)	3		11	1
164	2025-05-25 16:59:11.692898+08	24	Test2 - 2025-05-24 (87%)	3		11	1
165	2025-05-25 16:59:11.692898+08	23	Test3 - 2025-05-24 (39%)	3		11	1
166	2025-05-25 16:59:11.692898+08	22	Test4 - 2025-05-24 (9%)	3		11	1
167	2025-05-25 16:59:11.692898+08	21	Test5 - 2025-05-24 (21%)	3		11	1
168	2025-05-25 16:59:11.692898+08	20	Test6 - 2025-05-24 (37%)	3		11	1
169	2025-05-25 16:59:11.692898+08	19	Test7 - 2025-05-24 (44%)	3		11	1
170	2025-05-25 16:59:11.692898+08	18	Test8 - 2025-05-24 (52%)	3		11	1
171	2025-05-25 16:59:11.692898+08	17	Test8 - 2025-05-24 (67%)	3		11	1
172	2025-05-25 16:59:16.73257+08	7	Road Renovation - Other (123456.00)	3		10	1
173	2025-05-25 16:59:22.240522+08	72	Test13	3		9	1
174	2025-05-25 16:59:22.240522+08	71	Test12	3		9	1
175	2025-05-25 16:59:22.240522+08	70	Test10	3		9	1
176	2025-05-25 16:59:22.240522+08	69	Test10	3		9	1
177	2025-05-25 16:59:22.240522+08	68	Test8	3		9	1
178	2025-05-25 16:59:22.240522+08	67	Test8	3		9	1
179	2025-05-25 16:59:22.240522+08	66	Test7	3		9	1
180	2025-05-25 16:59:22.240522+08	65	Test6	3		9	1
181	2025-05-25 16:59:22.241519+08	64	Test5	3		9	1
182	2025-05-25 16:59:22.241519+08	63	Test4	3		9	1
183	2025-05-25 16:59:22.241519+08	62	Test3	3		9	1
184	2025-05-25 16:59:22.241519+08	61	Test2	3		9	1
185	2025-05-25 16:59:22.241519+08	92	Road Renovation Project	3		9	1
186	2025-05-25 16:59:22.241519+08	59	Road Renovation	3		9	1
187	2025-05-25 16:59:22.241519+08	58	Water Tank	3		9	1
188	2025-05-25 16:59:27.939425+08	104	Test13	3		7	1
189	2025-05-25 16:59:27.939425+08	103	Test12	3		7	1
190	2025-05-25 16:59:27.939425+08	102	Test10	3		7	1
191	2025-05-25 16:59:27.939425+08	101	Test10	3		7	1
192	2025-05-25 16:59:27.939425+08	100	Test8	3		7	1
193	2025-05-25 16:59:27.939425+08	99	Test7	3		7	1
194	2025-05-25 16:59:27.939425+08	98	Test6	3		7	1
195	2025-05-25 16:59:27.939425+08	97	Test5	3		7	1
196	2025-05-25 16:59:27.939425+08	96	Test4	3		7	1
197	2025-05-25 16:59:27.939425+08	95	Test3	3		7	1
198	2025-05-25 16:59:27.939425+08	94	Test2	3		7	1
199	2025-05-25 16:59:27.939425+08	92	Road Renovation	3		7	1
200	2025-05-25 16:59:27.939425+08	91	Water Tank	3		7	1
201	2025-05-25 21:39:53.001829+08	80	Concreating of Roads-GAD @ Yakal St. Prk. 2	3		9	2
202	2025-05-25 21:39:53.001829+08	79	Concreating of Roads-GAD	3		9	2
203	2025-05-25 21:39:53.001829+08	78	Concreating of Roads-GAD	3		9	2
204	2025-05-25 21:39:53.001829+08	77	Installation of Solar Powered Street Lights	3		9	2
205	2025-05-25 21:40:13.660138+08	83	Installation of Solar Powered Street Lights	3		9	2
206	2025-05-25 21:54:58.399591+08	86	Concreating of Roads-GAD @ Motorpool Comp, Tipaz	3		9	2
207	2025-05-25 21:54:58.399591+08	85	Concreating of Roads-GAD @ Modern Fish Market, Prk. 18A	3		9	2
208	2025-05-25 21:54:58.399591+08	84	Concreating of Roads-GAD @ Garcia St. Prk. 2A	3		9	2
209	2025-05-25 21:54:58.399591+08	82	Concreating of Roads-GAD @ Banana St. Prk. Maharlika	3		9	2
210	2025-05-25 21:54:58.399591+08	81	Concreating of Roads-GAD @ Yakal St. Prk. 2	3		9	2
211	2025-05-25 21:55:04.777261+08	114	Concreating of Roads-GAD @ Motorpool Comp, Tipaz	3		7	2
212	2025-05-25 21:55:04.777261+08	113	Concreating of Roads-GAD @ Modern Fish Market, Prk. 18A	3		7	2
213	2025-05-25 21:55:04.777261+08	112	Concreating of Roads-GAD @ Garcia St. Prk. 2A	3		7	2
214	2025-05-25 21:55:04.777261+08	111	Concreating of Roads-GAD @ Banana St. Prk. Maharlika	3		7	2
215	2025-05-25 22:32:59.986171+08	87	Concreating of Roads-GAD @ Motorpool Comp, Tipaz	3		9	2
216	2025-05-26 02:42:28.875174+08	94	Road Widening Project	3		9	2
217	2025-05-26 02:42:28.875174+08	93	Road Widening Project	3		9	2
218	2025-05-26 02:42:28.875174+08	92	Road Widening Project	3		9	2
219	2025-07-23 19:50:57.559502+08	3	Finance Manager	1	[{"added": {}}]	3	1
220	2025-07-23 20:45:50.709264+08	5	financeman	1	[{"added": {}}]	4	1
221	2025-07-23 20:46:43.577727+08	5	financeman	2	[{"changed": {"fields": ["Groups", "User permissions"]}}]	4	1
222	2025-07-23 21:51:05.664262+08	5	financeman	2	[{"changed": {"fields": ["User permissions"]}}]	4	1
223	2025-07-23 21:51:28.584422+08	3	Finance Manager	2	[{"changed": {"fields": ["Permissions"]}}]	3	1
224	2025-07-23 22:12:47.06793+08	1	Head Engineer	2	[{"changed": {"fields": ["Permissions"]}}]	3	1
225	2025-07-23 22:15:21.092894+08	1	Head Engineer	2	[]	3	1
226	2025-07-23 22:15:46.077682+08	5	financeman	2	[{"changed": {"fields": ["User permissions"]}}]	4	1
\.


--
-- Data for Name: django_content_type; Type: TABLE DATA; Schema: public; Owner: postgres
--

COPY public.django_content_type (id, app_label, model) FROM stdin;
1	admin	logentry
2	auth	permission
3	auth	group
4	auth	user
5	contenttypes	contenttype
6	sessions	session
7	monitoring	project
8	projeng	layer
9	projeng	project
10	projeng	projectcost
11	projeng	projectprogress
12	projeng	progressphoto
13	projeng	projectdocument
14	projeng	notification
\.


--
-- Data for Name: django_migrations; Type: TABLE DATA; Schema: public; Owner: postgres
--

COPY public.django_migrations (id, app, name, applied) FROM stdin;
1	contenttypes	0001_initial	2025-05-20 02:41:49.026626+08
2	auth	0001_initial	2025-05-20 02:41:49.089161+08
3	admin	0001_initial	2025-05-20 02:41:49.10384+08
4	admin	0002_logentry_remove_auto_add	2025-05-20 02:41:49.107841+08
5	admin	0003_logentry_add_action_flag_choices	2025-05-20 02:41:49.111958+08
6	contenttypes	0002_remove_content_type_name	2025-05-20 02:41:49.1205+08
7	auth	0002_alter_permission_name_max_length	2025-05-20 02:41:49.125574+08
8	auth	0003_alter_user_email_max_length	2025-05-20 02:41:49.130646+08
9	auth	0004_alter_user_username_opts	2025-05-20 02:41:49.136648+08
10	auth	0005_alter_user_last_login_null	2025-05-20 02:41:49.141752+08
11	auth	0006_require_contenttypes_0002	2025-05-20 02:41:49.142607+08
12	auth	0007_alter_validators_add_error_messages	2025-05-20 02:41:49.146609+08
13	auth	0008_alter_user_username_max_length	2025-05-20 02:41:49.15361+08
14	auth	0009_alter_user_last_name_max_length	2025-05-20 02:41:49.158611+08
15	auth	0010_alter_group_name_max_length	2025-05-20 02:41:49.164613+08
16	auth	0011_update_proxy_permissions	2025-05-20 02:41:49.168613+08
17	auth	0012_alter_user_first_name_max_length	2025-05-20 02:41:49.172614+08
18	monitoring	0001_initial	2025-05-20 02:41:49.176616+08
19	monitoring	0002_project_image	2025-05-20 02:41:49.178616+08
20	monitoring	0003_project_barangay_project_end_date_project_prn_and_more	2025-05-20 02:41:49.185704+08
21	sessions	0001_initial	2025-05-20 02:41:49.191705+08
31	monitoring	0004_project_progress	2025-05-22 22:49:20.734113+08
32	monitoring	0005_alter_project_options_project_assigned_engineers_and_more	2025-05-23 18:55:59.988713+08
37	projeng	0001_initial	2025-11-06 11:45:55.896209+08
38	projeng	0002_project	2025-11-06 11:46:12.163987+08
39	projeng	0003_project_assigned_engineers_alter_project_created_by	2025-11-06 11:46:12.165988+08
40	projeng	0004_alter_project_options_rename_title_project_name_and_more	2025-11-06 11:46:12.166988+08
41	projeng	0005_projectcost_projectprogress	2025-11-06 11:46:12.167988+08
42	projeng	0006_remove_projectprogress_photos_progressphoto	2025-11-06 11:46:12.168488+08
43	projeng	0007_alter_project_status	2025-11-06 11:46:12.168988+08
44	projeng	0008_projectdocument	2025-11-06 11:46:12.169488+08
45	projeng	0009_project_progress	2025-11-06 11:46:12.170489+08
46	projeng	0010_notification	2025-11-06 11:46:12.171489+08
47	projeng	0011_remove_layer_geometry	2025-11-06 11:46:12.171989+08
\.


--
-- Data for Name: django_session; Type: TABLE DATA; Schema: public; Owner: postgres
--

COPY public.django_session (session_key, session_data, expire_date) FROM stdin;
z06n7j4bvrd2m0x4vueiki9x8qjh79o7	.eJxVjMsOwiAQRf-FtSHQ4enSvd9AGBikaiAp7cr479qkC93ec859sRC3tYZt0BLmzM4M2Ol3w5ge1HaQ77HdOk-9rcuMfFf4QQe_9kzPy-H-HdQ46rfW5JCKxDyJHNEZLAYEaT-BV9b5ok301hRStkgFkKR1JIUCbcGgKIq9P-x7N1o:1uR8v4:Lt-BkaUYuitDIqGqDWqCWHGlgqfGWE8UfHiQ4BE4xlI	2025-06-30 20:26:34.538279+08
msgtsosugxlafwahycvgk5kbqx4br0b4	.eJxVjDsOwjAQBe_iGln4s06Wkp4zWOv1hgSQLcVJhbg7spQC2jcz760i7dsc9yZrXLK6KK9Ov1sifkrpID-o3KvmWrZ1Sbor-qBN32qW1_Vw_w5manOvWcQ644J4EDgbzhYSIE4TeWY3BiJK6GBEmJJB43EICSUMyAPIaNXnC_XDN_U:1uIRIa:_IefjZ_UN5m-6g4z42d8Vzp5rg2Ba8Zudtp8HDs3T14	2025-06-06 20:14:52.133982+08
hlzrgob814mphaaj7y25bzgnz5l0qfho	.eJxVjDsOwyAQBe9CHSEWMOCU6X0GxGc3OIlAMnYV5e6xJRdJ-2bmvZkP21r81nHxc2ZXBuzyu8WQnlgPkB-h3htPra7LHPmh8JN2PrWMr9vp_h2U0MtejwBINhmhFFpSkJMLgkYYiJAGrbMUYK2AbI0QBqUjcsmCilHLvdDs8wXbUDdz:1ueZTG:shPW8x1Qz_1gurOjjihIA52C13BP8pMw35IcA80hCn0	2025-08-06 21:25:22.215406+08
lcbsvmr75fu6p056nnk2ybo5jbfyb38w	.eJxVjDkOwjAUBe_iGlnxEtuhpOcM0d-MA8iWslSIu0OkFNC-mXkvNcK2lnFbZB4nVmdl1el3Q6CH1B3wHeqtaWp1nSfUu6IPuuhrY3leDvfvoMBSvjVxBjdETmIyGkQhsJ5cF9Aii_GRA_veZZFshmAjebKdi5QiJIbQq_cHHwo47g:1uHaXU:7OsKWT9Iu25U84KqV6siMNewPloSwl7XXW1jWfr-f_4	2025-06-04 11:54:44.919062+08
qn8e8n1peqlt522l5x2ukhu0gk16b57g	.eJxVjDsOwyAQBe9CHSEWMOCU6X0GxGc3OIlAMnYV5e6xJRdJ-2bmvZkP21r81nHxc2ZXBuzyu8WQnlgPkB-h3htPra7LHPmh8JN2PrWMr9vp_h2U0MtejwBINhmhFFpSkJMLgkYYiJAGrbMUYK2AbI0QBqUjcsmCilHLvdDs8wXbUDdz:1uedxU:2a0zPH_ixdN7KAEqx3_gKoKxHKl2bcxhtjOU6Wclkc4	2025-08-07 02:12:52.828751+08
dcqupa8y35c7kvooqikh2p1n2xjrpnmy	.eJxVjDsOwyAQBe9CHSEWMOCU6X0GxGc3OIlAMnYV5e6xJRdJ-2bmvZkP21r81nHxc2ZXBuzyu8WQnlgPkB-h3htPra7LHPmh8JN2PrWMr9vp_h2U0MtejwBINhmhFFpSkJMLgkYYiJAGrbMUYK2AbI0QBqUjcsmCilHLvdDs8wXbUDdz:1uedxV:uVPZ4y3MorOoXeC_obeVL8lXXckGNCjg8_HpIYZuHVQ	2025-08-07 02:12:53.38575+08
1067j2nboyymyjtf4ppne9zi4fxmzf43	.eJxVjMsOwiAQRf-FtSHQ4enSvd9AGBikaiAp7cr479qkC93ec859sRC3tYZt0BLmzM4M2Ol3w5ge1HaQ77HdOk-9rcuMfFf4QQe_9kzPy-H-HdQ46rfW5JCKxDyJHNEZLAYEaT-BV9b5ok301hRStkgFkKR1JIUCbcGgKIq9P-x7N1o:1uHbt6:TILwOW1eD2l77TAwEGOpuKprBNbYwKrlVCAZtnrUjJc	2025-06-04 13:21:08.777815+08
sa6f42a356b6imzs6j1gbgv6wht1vch5	.eJxVjMsOwiAQAP-FsyE8irAevfsNze4CUjWQlPZk_HdD0oNeZybzFjPuW5n3ntZ5ieIijDj9MkJ-pjpEfGC9N8mtbutCciTysF3eWkyv69H-DQr2MraRWJMiDQ6QOYCzyiTPlCFQyg5jBpogKE0WDSc_ZVTBRXP2aLX24vMFBC84XQ:1vGr97:JTVOwCTOtGue-dkCct5SwAKRllzfcfkJuTrT5_EL_zQ	2025-11-06 12:28:49.240102+08
zo5x7j2w7gh6mflpdah02nbf4jg5fqj8	.eJxVjMsOwiAQAP-FsyE8irAevfsNze4CUjWQlPZk_HdD0oNeZybzFjPuW5n3ntZ5ieIijDj9MkJ-pjpEfGC9N8mtbutCciTysF3eWkyv69H-DQr2MraRWJMiDQ6QOYCzyiTPlCFQyg5jBpogKE0WDSc_ZVTBRXP2aLX24vMFBC84XQ:1vGrOI:4Qd2zy5BzWSe6pUHWu3IeGa6kRpRaC3CmjCehfDBmkc	2025-11-06 12:44:30.619855+08
jr1fkzv864efnm2ter6a3q82potszxce	.eJxVjMsOwiAQAP-FsyE8irAevfsNze4CUjWQlPZk_HdD0oNeZybzFjPuW5n3ntZ5ieIijDj9MkJ-pjpEfGC9N8mtbutCciTysF3eWkyv69H-DQr2MraRWJMiDQ6QOYCzyiTPlCFQyg5jBpogKE0WDSc_ZVTBRXP2aLX24vMFBC84XQ:1vGrBo:7ZURuqh09Jp7-ZB3VV4SJeHZJ4e4DQ4hU7q40uTDlqU	2025-11-06 12:31:36.279892+08
\.


--
-- Data for Name: monitoring_project; Type: TABLE DATA; Schema: public; Owner: postgres
--

COPY public.monitoring_project (id, name, description, status, latitude, longitude, created_at, updated_at, image, barangay, end_date, prn, project_cost, source_of_funds, start_date, progress) FROM stdin;
139	MALL	Convenience Store	in_progress	7.424511889688377	125.82838475704195	2025-07-24 00:58:35.412446+08	2025-07-24 00:58:35.797685+08	project_images/ff8a6f5f-7d53-41cf-b8b2-c042e4deefab.jfif	Apokon	2025-09-25	newtest1	13000000	40% Development Fund 2024	2025-07-24	0
131	Concreating of Roads-GAD	Test2	in_progress	7.447129577251773	125.82091212272645	2025-05-26 02:45:47.465073+08	2025-05-26 02:45:48.198574+08	project_images/road_CqZgkEj.webp	Magugpo East	2025-12-30	PRNtest2	1000000	20% Development Fund 2024	2024-12-31	0
132	Water tank	Test3	in_progress	7.445969996976031	125.80459356307985	2025-05-26 02:46:19.035765+08	2025-05-26 02:46:19.80983+08	project_images/palengke_XbRchN3.webp	Magugpo Poblacion	2025-12-30	PRNtest3	1000000	20% Development Fund 2024	2024-12-31	0
130	Construction/Rehabilitation of Public Cemeteries	Test Project1	in_progress	7.455773140875008	125.80308616161348	2025-05-26 02:44:49.08235+08	2025-05-26 08:52:03.984854+08	project_images/multi_gCRw6ya.jpg	Magugpo West	2025-12-30	PRNtest1	1000000.00	20% Development Fund 2024	2024-12-31	79
133	Street Lights	Test4	in_progress	7.459017757640618	125.8029091358185	2025-05-26 02:46:51.095252+08	2025-05-26 02:46:51.841441+08	project_images/camela.webp	Magugpo West	2025-12-30	PRNtest4	1000000	20% Development Fund 2024	2024-12-31	0
134	Street Lights	Test5	in_progress	7.491084977710044	125.8254772424698	2025-05-26 02:47:26.191138+08	2025-05-26 02:47:27.032112+08	project_images/day_care_LB4XPbj.webp	San Agustin	2025-12-30	PRNtest5	1000000	20% Development Fund 2024	2024-12-31	0
135	Street Lights	Test6	in_progress	7.4450816925799135	125.77515363693239	2025-05-26 02:48:03.437519+08	2025-05-26 02:48:04.209774+08	project_images/wilcon_WLOqto4.webp	San Miguel	2025-05-25	PRNtest6	1000000	20% Development Fund 2024	2025-03-13	0
136	Street Lights	Test7	completed	7.460390063722842	125.79105377197267	2025-05-26 02:48:49.723905+08	2025-06-16 20:28:40.774765+08	project_images/Mankilam.jfif	Mankilam	2025-05-26	PRNtest7	1000000.00	20% Development Fund 2024	2025-04-09	100
137	Street Lights	Test8	planned	7.4961589245901115	125.84655404090883	2025-05-26 02:49:20.747036+08	2025-05-26 02:49:21.511304+08	project_images/tagum_vZRWP2D.jpg	New Balamban	2025-09-11	PRNtest8	1000000	20% Development Fund 2024	2025-05-30	0
138	Road Widening Project	Test9	delayed	7.482452749947066	125.87731897830965	2025-05-26 02:50:44.772224+08	2025-07-08 16:13:45.978018+08	project_images/OIP_BcN7w4u.jfif	Pandapan	2025-05-17	PRNtest9	1000000.00	20% Development Fund 2024	2025-05-01	0
\.


--
-- Data for Name: monitoring_project_assigned_engineers; Type: TABLE DATA; Schema: public; Owner: postgres
--

COPY public.monitoring_project_assigned_engineers (id, project_id, user_id) FROM stdin;
151	130	3
152	130	4
154	131	4
156	132	4
158	133	4
160	134	4
162	135	3
165	136	3
166	136	4
169	137	3
170	137	4
173	138	3
174	138	4
\.


--
-- Data for Name: projeng_layer; Type: TABLE DATA; Schema: public; Owner: postgres
--

COPY public.projeng_layer (id, name, description, type, geometry, created_at, updated_at, created_by_id) FROM stdin;
\.


--
-- Data for Name: projeng_notification; Type: TABLE DATA; Schema: public; Owner: postgres
--

COPY public.projeng_notification (id, message, created_at, is_read, recipient_id) FROM stdin;
1	Project updated: MALL (PRN: newtest1) by admin	2025-07-24 00:58:35.803722+08	f	2
2	Project updated: MALL (PRN: newtest1) by admin	2025-07-24 00:58:35.807242+08	f	1
3	Project updated: MALL (PRN: newtest1) by admin	2025-07-24 00:58:35.808241+08	f	1
4	Project updated: MALL (PRN: newtest1) by admin	2025-07-24 00:58:35.809242+08	f	2
5	Project updated: MALL (PRN: newtest1) by admin	2025-07-24 00:58:35.818831+08	f	2
6	Project updated: MALL (PRN: newtest1) by admin	2025-07-24 00:58:35.819352+08	f	1
7	Project updated: MALL (PRN: newtest1) by admin	2025-07-24 00:58:35.820347+08	f	1
8	Project updated: MALL (PRN: newtest1) by admin	2025-07-24 00:58:35.820347+08	f	2
9	Project updated: MALL (PRN: newtest1) by admin	2025-07-24 00:58:35.824868+08	f	2
10	Project updated: MALL (PRN: newtest1) by admin	2025-07-24 00:58:35.824868+08	f	1
11	Project updated: MALL (PRN: newtest1) by admin	2025-07-24 00:58:35.826389+08	f	1
12	Project updated: MALL (PRN: newtest1) by admin	2025-07-24 00:58:35.826389+08	f	2
13	Project updated: MALL (PRN: newtest1) by admin	2025-07-24 00:58:35.830903+08	f	2
14	Project updated: MALL (PRN: newtest1) by admin	2025-07-24 00:58:35.831902+08	f	1
15	Project updated: MALL (PRN: newtest1) by admin	2025-07-24 00:58:35.832959+08	f	1
16	Project updated: MALL (PRN: newtest1) by admin	2025-07-24 00:58:35.832959+08	f	2
17	Project updated: MALL (PRN: newtest1) by admin	2025-07-24 00:58:35.836989+08	f	2
18	Project updated: MALL (PRN: newtest1) by admin	2025-07-24 00:58:35.836989+08	f	1
19	Project updated: MALL (PRN: newtest1) by admin	2025-07-24 00:58:35.837989+08	f	1
20	Project updated: MALL (PRN: newtest1) by admin	2025-07-24 00:58:35.838989+08	f	2
21	Project updated: MALL (PRN: newtest1) by admin	2025-07-24 00:58:35.84356+08	f	2
22	Project updated: MALL (PRN: newtest1) by admin	2025-07-24 00:58:35.84356+08	f	1
23	Project updated: MALL (PRN: newtest1) by admin	2025-07-24 00:58:35.84456+08	f	1
24	Project updated: MALL (PRN: newtest1) by admin	2025-07-24 00:58:35.845559+08	f	2
25	Project updated: MALL (PRN: newtest1) by admin	2025-07-24 00:58:35.850124+08	f	2
26	Project updated: MALL (PRN: newtest1) by admin	2025-07-24 00:58:35.850643+08	f	1
27	Project updated: MALL (PRN: newtest1) by admin	2025-07-24 00:58:35.851641+08	f	1
28	Project updated: MALL (PRN: newtest1) by admin	2025-07-24 00:58:35.852642+08	f	2
29	Project updated: MALL (PRN: newtest1) by admin	2025-07-24 00:58:35.856676+08	f	2
30	Project updated: MALL (PRN: newtest1) by admin	2025-07-24 00:58:35.856676+08	f	1
31	Project updated: MALL (PRN: newtest1) by admin	2025-07-24 00:58:35.858677+08	f	1
32	Project updated: MALL (PRN: newtest1) by admin	2025-07-24 00:58:35.859197+08	f	2
33	Project updated: MALL (PRN: newtest1) by admin	2025-07-24 00:58:35.862705+08	f	2
34	Project updated: MALL (PRN: newtest1) by admin	2025-07-24 00:58:35.863706+08	f	1
35	Project updated: MALL (PRN: newtest1) by admin	2025-07-24 00:58:35.864706+08	f	1
36	Project updated: MALL (PRN: newtest1) by admin	2025-07-24 00:58:35.865225+08	f	2
37	Project updated: MALL (PRN: newtest1) by admin	2025-07-24 00:58:35.86874+08	f	2
38	Project updated: MALL (PRN: newtest1) by admin	2025-07-24 00:58:35.86874+08	f	1
39	Project updated: MALL (PRN: newtest1) by admin	2025-07-24 00:58:35.870259+08	f	1
40	Project updated: MALL (PRN: newtest1) by admin	2025-07-24 00:58:35.870259+08	f	2
41	Project updated: MALL (PRN: newtest1) by admin	2025-07-24 00:58:35.874253+08	f	2
42	Project updated: MALL (PRN: newtest1) by admin	2025-07-24 00:58:35.875253+08	f	1
43	Project updated: MALL (PRN: newtest1) by admin	2025-07-24 00:58:35.875774+08	f	1
44	Project updated: MALL (PRN: newtest1) by admin	2025-07-24 00:58:35.875774+08	f	2
45	Project updated: MALL (PRN: newtest1) by admin	2025-07-24 00:58:35.880283+08	f	2
46	Project updated: MALL (PRN: newtest1) by admin	2025-07-24 00:58:35.881284+08	f	1
47	Project updated: MALL (PRN: newtest1) by admin	2025-07-24 00:58:35.881802+08	f	1
48	Project updated: MALL (PRN: newtest1) by admin	2025-07-24 00:58:35.881802+08	f	2
49	Project updated: MALL (PRN: newtest1) by admin	2025-07-24 00:58:35.885799+08	f	2
50	Project updated: MALL (PRN: newtest1) by admin	2025-07-24 00:58:35.886324+08	f	1
51	Project updated: MALL (PRN: newtest1) by admin	2025-07-24 00:58:35.887314+08	f	1
52	Project updated: MALL (PRN: newtest1) by admin	2025-07-24 00:58:35.887314+08	f	2
53	Project updated: MALL (PRN: newtest1) by admin	2025-07-24 00:58:35.890877+08	f	2
54	Project updated: MALL (PRN: newtest1) by admin	2025-07-24 00:58:35.891865+08	f	1
55	Project updated: MALL (PRN: newtest1) by admin	2025-07-24 00:58:35.892866+08	f	1
56	Project updated: MALL (PRN: newtest1) by admin	2025-07-24 00:58:35.892866+08	f	2
57	Project updated: MALL (PRN: newtest1) by admin	2025-07-24 00:58:35.897906+08	f	2
58	Project updated: MALL (PRN: newtest1) by admin	2025-07-24 00:58:35.897906+08	f	1
59	Project updated: MALL (PRN: newtest1) by admin	2025-07-24 00:58:35.899896+08	f	1
60	Project updated: MALL (PRN: newtest1) by admin	2025-07-24 00:58:35.899896+08	f	2
61	Project updated: MALL (PRN: newtest1) by admin	2025-07-24 00:58:35.903898+08	f	2
62	Project updated: MALL (PRN: newtest1) by admin	2025-07-24 00:58:35.904897+08	f	1
63	Project updated: MALL (PRN: newtest1) by admin	2025-07-24 00:58:35.90542+08	f	1
64	Project updated: MALL (PRN: newtest1) by admin	2025-07-24 00:58:35.906413+08	f	2
65	Project updated: MALL (PRN: newtest1) by admin	2025-07-24 00:58:35.909927+08	f	2
66	Project updated: MALL (PRN: newtest1) by admin	2025-07-24 00:58:35.910928+08	f	1
67	Project updated: MALL (PRN: newtest1) by admin	2025-07-24 00:58:35.911927+08	f	1
68	Project updated: MALL (PRN: newtest1) by admin	2025-07-24 00:58:35.911927+08	f	2
69	Project updated: MALL (PRN: newtest1) by admin	2025-07-24 00:58:35.916444+08	f	2
70	Project updated: MALL (PRN: newtest1) by admin	2025-07-24 00:58:35.917441+08	f	1
71	Project updated: MALL (PRN: newtest1) by admin	2025-07-24 00:58:35.917963+08	f	1
72	Project updated: MALL (PRN: newtest1) by admin	2025-07-24 00:58:35.918956+08	f	2
73	Project updated: MALL (PRN: newtest1) by admin	2025-07-24 00:58:35.92548+08	f	2
74	Project updated: MALL (PRN: newtest1) by admin	2025-07-24 00:58:35.926472+08	f	1
75	Project updated: MALL (PRN: newtest1) by admin	2025-07-24 00:58:35.927471+08	f	1
76	Project updated: MALL (PRN: newtest1) by admin	2025-07-24 00:58:35.927471+08	f	2
77	Project updated: MALL (PRN: newtest1) by admin	2025-07-24 00:58:35.933502+08	f	2
78	Project updated: MALL (PRN: newtest1) by admin	2025-07-24 00:58:35.933502+08	f	1
79	Project updated: MALL (PRN: newtest1) by admin	2025-07-24 00:58:35.934504+08	f	1
80	Project updated: MALL (PRN: newtest1) by admin	2025-07-24 00:58:35.93503+08	f	2
81	Project updated: MALL (PRN: newtest1) by admin	2025-07-24 00:58:35.938545+08	f	2
82	Project updated: MALL (PRN: newtest1) by admin	2025-07-24 00:58:35.939535+08	f	1
83	Project updated: MALL (PRN: newtest1) by admin	2025-07-24 00:58:35.941537+08	f	1
84	Project updated: MALL (PRN: newtest1) by admin	2025-07-24 00:58:35.94206+08	f	2
85	Project updated: MALL (PRN: newtest1) by admin	2025-07-24 00:58:35.945569+08	f	2
86	Project updated: MALL (PRN: newtest1) by admin	2025-07-24 00:58:35.946566+08	f	1
87	Project updated: MALL (PRN: newtest1) by admin	2025-07-24 00:58:35.947567+08	f	1
88	Project updated: MALL (PRN: newtest1) by admin	2025-07-24 00:58:35.948096+08	f	2
89	Project updated: MALL (PRN: newtest1) by admin	2025-07-24 00:58:35.952599+08	f	2
90	Project updated: MALL (PRN: newtest1) by admin	2025-07-24 00:58:35.952599+08	f	1
91	Project updated: MALL (PRN: newtest1) by admin	2025-07-24 00:58:35.953599+08	f	1
92	Project updated: MALL (PRN: newtest1) by admin	2025-07-24 00:58:35.954597+08	f	2
93	Project updated: MALL (PRN: newtest1) by admin	2025-07-24 00:58:35.959629+08	f	2
94	Project updated: MALL (PRN: newtest1) by admin	2025-07-24 00:58:35.96063+08	f	1
95	Project updated: MALL (PRN: newtest1) by admin	2025-07-24 00:58:35.961629+08	f	1
96	Project updated: MALL (PRN: newtest1) by admin	2025-07-24 00:58:35.962153+08	f	2
97	Project updated: MALL (PRN: newtest1) by admin	2025-07-24 00:58:35.965664+08	f	2
98	Project updated: MALL (PRN: newtest1) by admin	2025-07-24 00:58:35.96666+08	f	1
99	Project updated: MALL (PRN: newtest1) by admin	2025-07-24 00:58:35.968195+08	f	1
100	Project updated: MALL (PRN: newtest1) by admin	2025-07-24 00:58:35.968195+08	f	2
101	Project updated: MALL (PRN: newtest1) by admin	2025-07-24 00:58:35.972692+08	f	2
102	Project updated: MALL (PRN: newtest1) by admin	2025-07-24 00:58:35.972692+08	f	1
103	Project updated: MALL (PRN: newtest1) by admin	2025-07-24 00:58:35.973691+08	f	1
104	Project updated: MALL (PRN: newtest1) by admin	2025-07-24 00:58:35.973691+08	f	2
105	Project updated: MALL (PRN: newtest1) by admin	2025-07-24 00:58:35.978204+08	f	2
106	Project updated: MALL (PRN: newtest1) by admin	2025-07-24 00:58:35.978724+08	f	1
107	Project updated: MALL (PRN: newtest1) by admin	2025-07-24 00:58:35.97972+08	f	1
108	Project updated: MALL (PRN: newtest1) by admin	2025-07-24 00:58:35.98072+08	f	2
109	Project updated: MALL (PRN: newtest1) by admin	2025-07-24 00:58:35.985291+08	f	2
110	Project updated: MALL (PRN: newtest1) by admin	2025-07-24 00:58:35.986291+08	f	1
111	Project updated: MALL (PRN: newtest1) by admin	2025-07-24 00:58:35.986819+08	f	1
112	Project updated: MALL (PRN: newtest1) by admin	2025-07-24 00:58:35.986819+08	f	2
113	Project updated: MALL (PRN: newtest1) by admin	2025-07-24 00:58:35.991322+08	f	2
114	Project updated: MALL (PRN: newtest1) by admin	2025-07-24 00:58:35.991322+08	f	1
115	Project updated: MALL (PRN: newtest1) by admin	2025-07-24 00:58:35.992321+08	f	1
116	Project updated: MALL (PRN: newtest1) by admin	2025-07-24 00:58:35.993322+08	f	2
117	Project updated: MALL (PRN: newtest1) by admin	2025-07-24 00:58:35.996837+08	f	2
118	Project updated: MALL (PRN: newtest1) by admin	2025-07-24 00:58:35.997836+08	f	1
119	Project updated: MALL (PRN: newtest1) by admin	2025-07-24 00:58:35.998837+08	f	1
120	Project updated: MALL (PRN: newtest1) by admin	2025-07-24 00:58:35.999356+08	f	2
121	Project updated: MALL (PRN: newtest1) by admin	2025-07-24 00:58:36.002869+08	f	2
122	Project updated: MALL (PRN: newtest1) by admin	2025-07-24 00:58:36.003869+08	f	1
123	Project updated: MALL (PRN: newtest1) by admin	2025-07-24 00:58:36.004391+08	f	1
124	Project updated: MALL (PRN: newtest1) by admin	2025-07-24 00:58:36.005385+08	f	2
125	Project updated: MALL (PRN: newtest1) by admin	2025-07-24 00:58:36.008899+08	f	2
126	Project updated: MALL (PRN: newtest1) by admin	2025-07-24 00:58:36.008899+08	f	1
127	Project updated: MALL (PRN: newtest1) by admin	2025-07-24 00:58:36.010433+08	f	1
128	Project updated: MALL (PRN: newtest1) by admin	2025-07-24 00:58:36.010433+08	f	2
129	Project updated: MALL (PRN: newtest1) by admin	2025-07-24 00:58:36.016933+08	f	2
130	Project updated: MALL (PRN: newtest1) by admin	2025-07-24 00:58:36.017935+08	f	1
131	Project updated: MALL (PRN: newtest1) by admin	2025-07-24 00:58:36.018454+08	f	1
132	Project updated: MALL (PRN: newtest1) by admin	2025-07-24 00:58:36.01945+08	f	2
133	Project updated: MALL (PRN: newtest1) by admin	2025-07-24 00:58:36.023964+08	f	2
134	Project updated: MALL (PRN: newtest1) by admin	2025-07-24 00:58:36.024964+08	f	1
135	Project updated: MALL (PRN: newtest1) by admin	2025-07-24 00:58:36.02549+08	f	1
136	Project updated: MALL (PRN: newtest1) by admin	2025-07-24 00:58:36.026481+08	f	2
137	Project updated: MALL (PRN: newtest1) by admin	2025-07-24 00:58:36.029995+08	f	2
138	Project updated: MALL (PRN: newtest1) by admin	2025-07-24 00:58:36.030994+08	f	1
139	Project updated: MALL (PRN: newtest1) by admin	2025-07-24 00:58:36.031518+08	f	1
140	Project updated: MALL (PRN: newtest1) by admin	2025-07-24 00:58:36.03251+08	f	2
141	Project updated: MALL (PRN: newtest1) by admin	2025-07-24 00:58:36.036026+08	f	2
142	Project updated: MALL (PRN: newtest1) by admin	2025-07-24 00:58:36.036026+08	f	1
143	Project updated: MALL (PRN: newtest1) by admin	2025-07-24 00:58:36.037549+08	f	1
144	Project updated: MALL (PRN: newtest1) by admin	2025-07-24 00:58:36.037549+08	f	2
145	Project updated: MALL (PRN: newtest1) by admin	2025-07-24 00:58:36.042543+08	f	2
146	Project updated: MALL (PRN: newtest1) by admin	2025-07-24 00:58:36.043051+08	f	1
147	Project updated: MALL (PRN: newtest1) by admin	2025-07-24 00:58:36.04406+08	f	1
148	Project updated: MALL (PRN: newtest1) by admin	2025-07-24 00:58:36.04406+08	f	2
149	Project updated: MALL (PRN: newtest1) by admin	2025-07-24 00:58:36.047576+08	f	2
150	Project updated: MALL (PRN: newtest1) by admin	2025-07-24 00:58:36.048577+08	f	1
151	Project updated: MALL (PRN: newtest1) by admin	2025-07-24 00:58:36.0491+08	f	1
152	Project updated: MALL (PRN: newtest1) by admin	2025-07-24 00:58:36.050092+08	f	2
153	Project updated: MALL (PRN: newtest1) by admin	2025-07-24 00:58:36.054639+08	f	2
154	Project updated: MALL (PRN: newtest1) by admin	2025-07-24 00:58:36.054639+08	f	1
155	Project updated: MALL (PRN: newtest1) by admin	2025-07-24 00:58:36.055639+08	f	1
156	Project updated: MALL (PRN: newtest1) by admin	2025-07-24 00:58:36.055639+08	f	2
157	Project updated: MALL (PRN: newtest1) by admin	2025-07-24 00:58:36.061157+08	f	2
158	Project updated: MALL (PRN: newtest1) by admin	2025-07-24 00:58:36.061157+08	f	1
159	Project updated: MALL (PRN: newtest1) by admin	2025-07-24 00:58:36.062682+08	f	1
160	Project updated: MALL (PRN: newtest1) by admin	2025-07-24 00:58:36.063204+08	f	2
161	Project updated: MALL (PRN: newtest1) by admin	2025-07-24 00:58:36.067236+08	f	2
162	Project updated: MALL (PRN: newtest1) by admin	2025-07-24 00:58:36.067236+08	f	1
163	Project updated: MALL (PRN: newtest1) by admin	2025-07-24 00:58:36.068233+08	f	1
164	Project updated: MALL (PRN: newtest1) by admin	2025-07-24 00:58:36.068233+08	f	2
165	Project updated: MALL (PRN: newtest1) by admin	2025-07-24 00:58:36.073791+08	f	2
166	Project updated: MALL (PRN: newtest1) by admin	2025-07-24 00:58:36.073791+08	f	1
167	Project updated: MALL (PRN: newtest1) by admin	2025-07-24 00:58:36.075793+08	f	1
168	Project updated: MALL (PRN: newtest1) by admin	2025-07-24 00:58:36.076314+08	f	2
169	Project updated: MALL (PRN: newtest1) by admin	2025-07-24 00:58:36.08087+08	f	2
170	Project updated: MALL (PRN: newtest1) by admin	2025-07-24 00:58:36.08087+08	f	1
171	Project updated: MALL (PRN: newtest1) by admin	2025-07-24 00:58:36.081865+08	f	1
172	Project updated: MALL (PRN: newtest1) by admin	2025-07-24 00:58:36.081865+08	f	2
173	Project updated: MALL (PRN: newtest1) by admin	2025-07-24 00:58:36.086385+08	f	2
174	Project updated: MALL (PRN: newtest1) by admin	2025-07-24 00:58:36.086385+08	f	1
175	Project updated: MALL (PRN: newtest1) by admin	2025-07-24 00:58:36.087382+08	f	1
176	Project updated: MALL (PRN: newtest1) by admin	2025-07-24 00:58:36.088382+08	f	2
177	Project updated: MALL (PRN: newtest1) by admin	2025-07-24 00:58:36.091897+08	f	2
178	Project updated: MALL (PRN: newtest1) by admin	2025-07-24 00:58:36.092419+08	f	1
179	Project updated: MALL (PRN: newtest1) by admin	2025-07-24 00:58:36.093466+08	f	1
180	Project updated: MALL (PRN: newtest1) by admin	2025-07-24 00:58:36.093466+08	f	2
181	Project updated: MALL (PRN: newtest1) by admin	2025-07-24 00:58:36.096982+08	f	2
182	Project updated: MALL (PRN: newtest1) by admin	2025-07-24 00:58:36.097974+08	f	1
183	Project updated: MALL (PRN: newtest1) by admin	2025-07-24 00:58:36.098974+08	f	1
184	Project updated: MALL (PRN: newtest1) by admin	2025-07-24 00:58:36.098974+08	f	2
185	Project updated: MALL (PRN: newtest1) by admin	2025-07-24 00:58:36.103542+08	f	2
186	Project updated: MALL (PRN: newtest1) by admin	2025-07-24 00:58:36.103542+08	f	1
187	Project updated: MALL (PRN: newtest1) by admin	2025-07-24 00:58:36.104535+08	f	1
188	Project updated: MALL (PRN: newtest1) by admin	2025-07-24 00:58:36.104535+08	f	2
189	Project updated: MALL (PRN: newtest1) by admin	2025-07-24 00:58:36.10957+08	f	2
190	Project updated: MALL (PRN: newtest1) by admin	2025-07-24 00:58:36.10957+08	f	1
191	Project updated: MALL (PRN: newtest1) by admin	2025-07-24 00:58:36.110568+08	f	1
192	Project updated: MALL (PRN: newtest1) by admin	2025-07-24 00:58:36.110568+08	f	2
193	Project updated: MALL (PRN: newtest1) by admin	2025-07-24 00:58:36.115085+08	f	2
194	Project updated: MALL (PRN: newtest1) by admin	2025-07-24 00:58:36.115085+08	f	1
195	Project updated: MALL (PRN: newtest1) by admin	2025-07-24 00:58:36.116607+08	f	1
196	Project updated: MALL (PRN: newtest1) by admin	2025-07-24 00:58:36.116607+08	f	2
197	Project updated: MALL (PRN: newtest1) by admin	2025-07-24 00:58:36.120124+08	f	2
198	Project updated: MALL (PRN: newtest1) by admin	2025-07-24 00:58:36.121114+08	f	1
199	Project updated: MALL (PRN: newtest1) by admin	2025-07-24 00:58:36.122115+08	f	1
200	Project updated: MALL (PRN: newtest1) by admin	2025-07-24 00:58:36.122115+08	f	2
201	Project updated: MALL (PRN: newtest1) by admin	2025-07-24 00:58:36.12663+08	f	2
202	Project updated: MALL (PRN: newtest1) by admin	2025-07-24 00:58:36.127629+08	f	1
203	Project updated: MALL (PRN: newtest1) by admin	2025-07-24 00:58:36.12863+08	f	1
204	Project updated: MALL (PRN: newtest1) by admin	2025-07-24 00:58:36.129149+08	f	2
205	Project updated: MALL (PRN: newtest1) by admin	2025-07-24 00:58:36.132661+08	f	2
206	Project updated: MALL (PRN: newtest1) by admin	2025-07-24 00:58:36.132661+08	f	1
207	Project updated: MALL (PRN: newtest1) by admin	2025-07-24 00:58:36.13366+08	f	1
208	Project updated: MALL (PRN: newtest1) by admin	2025-07-24 00:58:36.13366+08	f	2
209	Project updated: MALL (PRN: newtest1) by admin	2025-07-24 00:58:36.138691+08	f	2
210	Project updated: MALL (PRN: newtest1) by admin	2025-07-24 00:58:36.138691+08	f	1
211	Project updated: MALL (PRN: newtest1) by admin	2025-07-24 00:58:36.13969+08	f	1
212	Project updated: MALL (PRN: newtest1) by admin	2025-07-24 00:58:36.14069+08	f	2
213	Project updated: MALL (PRN: newtest1) by admin	2025-07-24 00:58:36.144206+08	f	2
214	Project updated: MALL (PRN: newtest1) by admin	2025-07-24 00:58:36.144206+08	f	1
215	Project updated: MALL (PRN: newtest1) by admin	2025-07-24 00:58:36.145205+08	f	1
216	Project updated: MALL (PRN: newtest1) by admin	2025-07-24 00:58:36.146206+08	f	2
217	Project updated: MALL (PRN: newtest1) by admin	2025-07-24 00:58:36.150239+08	f	2
218	Project updated: MALL (PRN: newtest1) by admin	2025-07-24 00:58:36.150239+08	f	1
219	Project updated: MALL (PRN: newtest1) by admin	2025-07-24 00:58:36.151756+08	f	1
220	Project updated: MALL (PRN: newtest1) by admin	2025-07-24 00:58:36.151756+08	f	2
221	Project updated: MALL (PRN: newtest1) by admin	2025-07-24 00:58:36.156274+08	f	2
222	Project updated: MALL (PRN: newtest1) by admin	2025-07-24 00:58:36.157269+08	f	1
223	Project updated: MALL (PRN: newtest1) by admin	2025-07-24 00:58:36.158268+08	f	1
224	Project updated: MALL (PRN: newtest1) by admin	2025-07-24 00:58:36.158268+08	f	2
225	Project updated: MALL (PRN: newtest1) by admin	2025-07-24 00:58:36.162835+08	f	2
226	Project updated: MALL (PRN: newtest1) by admin	2025-07-24 00:58:36.162835+08	f	1
227	Project updated: MALL (PRN: newtest1) by admin	2025-07-24 00:58:36.164835+08	f	1
228	Project updated: MALL (PRN: newtest1) by admin	2025-07-24 00:58:36.164835+08	f	2
229	Project updated: MALL (PRN: newtest1) by admin	2025-07-24 00:58:36.16987+08	f	2
230	Project updated: MALL (PRN: newtest1) by admin	2025-07-24 00:58:36.170394+08	f	1
231	Project updated: MALL (PRN: newtest1) by admin	2025-07-24 00:58:36.170909+08	f	1
232	Project updated: MALL (PRN: newtest1) by admin	2025-07-24 00:58:36.171909+08	f	2
233	Project updated: MALL (PRN: newtest1) by admin	2025-07-24 00:58:36.177421+08	f	2
234	Project updated: MALL (PRN: newtest1) by admin	2025-07-24 00:58:36.178944+08	f	1
235	Project updated: MALL (PRN: newtest1) by admin	2025-07-24 00:58:36.179936+08	f	1
236	Project updated: MALL (PRN: newtest1) by admin	2025-07-24 00:58:36.180939+08	f	2
237	Project updated: MALL (PRN: newtest1) by admin	2025-07-24 00:58:36.185526+08	f	2
238	Project updated: MALL (PRN: newtest1) by admin	2025-07-24 00:58:36.186526+08	f	1
239	Project updated: MALL (PRN: newtest1) by admin	2025-07-24 00:58:36.188051+08	f	1
240	Project updated: MALL (PRN: newtest1) by admin	2025-07-24 00:58:36.188051+08	f	2
241	Project updated: MALL (PRN: newtest1) by admin	2025-07-24 00:58:36.193087+08	f	2
242	Project updated: MALL (PRN: newtest1) by admin	2025-07-24 00:58:36.193607+08	f	1
243	Project updated: MALL (PRN: newtest1) by admin	2025-07-24 00:58:36.1946+08	f	1
244	Project updated: MALL (PRN: newtest1) by admin	2025-07-24 00:58:36.1946+08	f	2
245	Project updated: MALL (PRN: newtest1) by admin	2025-07-24 00:58:36.199637+08	f	2
246	Project updated: MALL (PRN: newtest1) by admin	2025-07-24 00:58:36.200158+08	f	1
247	Project updated: MALL (PRN: newtest1) by admin	2025-07-24 00:58:36.200679+08	f	1
248	Project updated: MALL (PRN: newtest1) by admin	2025-07-24 00:58:36.200679+08	f	2
249	Project updated: MALL (PRN: newtest1) by admin	2025-07-24 00:58:36.20467+08	f	2
250	Project updated: MALL (PRN: newtest1) by admin	2025-07-24 00:58:36.205671+08	f	1
251	Project updated: MALL (PRN: newtest1) by admin	2025-07-24 00:58:36.20619+08	f	1
252	Project updated: MALL (PRN: newtest1) by admin	2025-07-24 00:58:36.20619+08	f	2
253	Project updated: MALL (PRN: newtest1) by admin	2025-07-24 00:58:36.210701+08	f	2
254	Project updated: MALL (PRN: newtest1) by admin	2025-07-24 00:58:36.211702+08	f	1
255	Project updated: MALL (PRN: newtest1) by admin	2025-07-24 00:58:36.212222+08	f	1
256	Project updated: MALL (PRN: newtest1) by admin	2025-07-24 00:58:36.213217+08	f	2
257	Project updated: MALL (PRN: newtest1) by admin	2025-07-24 00:58:36.216732+08	f	2
258	Project updated: MALL (PRN: newtest1) by admin	2025-07-24 00:58:36.217732+08	f	1
259	Project updated: MALL (PRN: newtest1) by admin	2025-07-24 00:58:36.217732+08	f	1
260	Project updated: MALL (PRN: newtest1) by admin	2025-07-24 00:58:36.218733+08	f	2
261	Project updated: MALL (PRN: newtest1) by admin	2025-07-24 00:58:36.222765+08	f	2
262	Project updated: MALL (PRN: newtest1) by admin	2025-07-24 00:58:36.222765+08	f	1
263	Project updated: MALL (PRN: newtest1) by admin	2025-07-24 00:58:36.223764+08	f	1
264	Project updated: MALL (PRN: newtest1) by admin	2025-07-24 00:58:36.223764+08	f	2
265	Project updated: MALL (PRN: newtest1) by admin	2025-07-24 00:58:36.228282+08	f	2
266	Project updated: MALL (PRN: newtest1) by admin	2025-07-24 00:58:36.228282+08	f	1
267	Project updated: MALL (PRN: newtest1) by admin	2025-07-24 00:58:36.229805+08	f	1
268	Project updated: MALL (PRN: newtest1) by admin	2025-07-24 00:58:36.230322+08	f	2
269	Project updated: MALL (PRN: newtest1) by admin	2025-07-24 00:58:36.234352+08	f	2
270	Project updated: MALL (PRN: newtest1) by admin	2025-07-24 00:58:36.235351+08	f	1
271	Project updated: MALL (PRN: newtest1) by admin	2025-07-24 00:58:36.236354+08	f	1
272	Project updated: MALL (PRN: newtest1) by admin	2025-07-24 00:58:36.236873+08	f	2
273	Project updated: MALL (PRN: newtest1) by admin	2025-07-24 00:58:36.241385+08	f	2
274	Project updated: MALL (PRN: newtest1) by admin	2025-07-24 00:58:36.241907+08	f	1
275	Project updated: MALL (PRN: newtest1) by admin	2025-07-24 00:58:36.2429+08	f	1
276	Project updated: MALL (PRN: newtest1) by admin	2025-07-24 00:58:36.2439+08	f	2
277	Project updated: MALL (PRN: newtest1) by admin	2025-07-24 00:58:36.247934+08	f	2
278	Project updated: MALL (PRN: newtest1) by admin	2025-07-24 00:58:36.247934+08	f	1
279	Project updated: MALL (PRN: newtest1) by admin	2025-07-24 00:58:36.248931+08	f	1
280	Project updated: MALL (PRN: newtest1) by admin	2025-07-24 00:58:36.249929+08	f	2
281	Project updated: MALL (PRN: newtest1) by admin	2025-07-24 00:58:36.253444+08	f	2
282	Project updated: MALL (PRN: newtest1) by admin	2025-07-24 00:58:36.253444+08	f	1
283	Project updated: MALL (PRN: newtest1) by admin	2025-07-24 00:58:36.254443+08	f	1
284	Project updated: MALL (PRN: newtest1) by admin	2025-07-24 00:58:36.255443+08	f	2
285	Project updated: MALL (PRN: newtest1) by admin	2025-07-24 00:58:36.259481+08	f	2
286	Project updated: MALL (PRN: newtest1) by admin	2025-07-24 00:58:36.26001+08	f	1
287	Project updated: MALL (PRN: newtest1) by admin	2025-07-24 00:58:36.260528+08	f	1
288	Project updated: MALL (PRN: newtest1) by admin	2025-07-24 00:58:36.260528+08	f	2
289	Project updated: MALL (PRN: newtest1) by admin	2025-07-24 00:58:36.265042+08	f	2
290	Project updated: MALL (PRN: newtest1) by admin	2025-07-24 00:58:36.266041+08	f	1
291	Project updated: MALL (PRN: newtest1) by admin	2025-07-24 00:58:36.266565+08	f	1
292	Project updated: MALL (PRN: newtest1) by admin	2025-07-24 00:58:36.266565+08	f	2
293	Project updated: MALL (PRN: newtest1) by admin	2025-07-24 00:58:36.271074+08	f	2
294	Project updated: MALL (PRN: newtest1) by admin	2025-07-24 00:58:36.271074+08	f	1
295	Project updated: MALL (PRN: newtest1) by admin	2025-07-24 00:58:36.272596+08	f	1
296	Project updated: MALL (PRN: newtest1) by admin	2025-07-24 00:58:36.272596+08	f	2
297	Project updated: MALL (PRN: newtest1) by admin	2025-07-24 00:58:36.275632+08	f	2
298	Project updated: MALL (PRN: newtest1) by admin	2025-07-24 00:58:36.276631+08	f	1
299	Project updated: MALL (PRN: newtest1) by admin	2025-07-24 00:58:36.277156+08	f	1
300	Project updated: MALL (PRN: newtest1) by admin	2025-07-24 00:58:36.278147+08	f	2
301	Project updated: MALL (PRN: newtest1) by admin	2025-07-24 00:58:36.281146+08	f	2
302	Project updated: MALL (PRN: newtest1) by admin	2025-07-24 00:58:36.282147+08	f	1
303	Project updated: MALL (PRN: newtest1) by admin	2025-07-24 00:58:36.283186+08	f	1
304	Project updated: MALL (PRN: newtest1) by admin	2025-07-24 00:58:36.283708+08	f	2
305	Project updated: MALL (PRN: newtest1) by admin	2025-07-24 00:58:36.287269+08	f	2
306	Project updated: MALL (PRN: newtest1) by admin	2025-07-24 00:58:36.288258+08	f	1
307	Project updated: MALL (PRN: newtest1) by admin	2025-07-24 00:58:36.289258+08	f	1
308	Project updated: MALL (PRN: newtest1) by admin	2025-07-24 00:58:36.289258+08	f	2
309	Project updated: MALL (PRN: newtest1) by admin	2025-07-24 00:58:36.294813+08	f	2
310	Project updated: MALL (PRN: newtest1) by admin	2025-07-24 00:58:36.294813+08	f	1
311	Project updated: MALL (PRN: newtest1) by admin	2025-07-24 00:58:36.295813+08	f	1
312	Project updated: MALL (PRN: newtest1) by admin	2025-07-24 00:58:36.296813+08	f	2
313	Project updated: MALL (PRN: newtest1) by admin	2025-07-24 00:58:36.300327+08	f	2
314	Project updated: MALL (PRN: newtest1) by admin	2025-07-24 00:58:36.301327+08	f	1
315	Project updated: MALL (PRN: newtest1) by admin	2025-07-24 00:58:36.302328+08	f	1
316	Project updated: MALL (PRN: newtest1) by admin	2025-07-24 00:58:36.302851+08	f	2
317	Project updated: MALL (PRN: newtest1) by admin	2025-07-24 00:58:36.306401+08	f	2
318	Project updated: MALL (PRN: newtest1) by admin	2025-07-24 00:58:36.307398+08	f	1
319	Project updated: MALL (PRN: newtest1) by admin	2025-07-24 00:58:36.307398+08	f	1
320	Project updated: MALL (PRN: newtest1) by admin	2025-07-24 00:58:36.308397+08	f	2
321	Project updated: MALL (PRN: newtest1) by admin	2025-07-24 00:58:36.311914+08	f	2
322	Project updated: MALL (PRN: newtest1) by admin	2025-07-24 00:58:36.312434+08	f	1
323	Project updated: MALL (PRN: newtest1) by admin	2025-07-24 00:58:36.313473+08	f	1
324	Project updated: MALL (PRN: newtest1) by admin	2025-07-24 00:58:36.313473+08	f	2
325	Project updated: MALL (PRN: newtest1) by admin	2025-07-24 00:58:36.317983+08	f	2
326	Project updated: MALL (PRN: newtest1) by admin	2025-07-24 00:58:36.317983+08	f	1
327	Project updated: MALL (PRN: newtest1) by admin	2025-07-24 00:58:36.319506+08	f	1
328	Project updated: MALL (PRN: newtest1) by admin	2025-07-24 00:58:36.320025+08	f	2
329	Project updated: MALL (PRN: newtest1) by admin	2025-07-24 00:58:36.32354+08	f	2
330	Project updated: MALL (PRN: newtest1) by admin	2025-07-24 00:58:36.324539+08	f	1
331	Project updated: MALL (PRN: newtest1) by admin	2025-07-24 00:58:36.32554+08	f	1
332	Project updated: MALL (PRN: newtest1) by admin	2025-07-24 00:58:36.326048+08	f	2
333	Project updated: MALL (PRN: newtest1) by admin	2025-07-24 00:58:36.329568+08	f	2
334	Project updated: MALL (PRN: newtest1) by admin	2025-07-24 00:58:36.330569+08	f	1
335	Project updated: MALL (PRN: newtest1) by admin	2025-07-24 00:58:36.331568+08	f	1
336	Project updated: MALL (PRN: newtest1) by admin	2025-07-24 00:58:36.331568+08	f	2
337	Project updated: MALL (PRN: newtest1) by admin	2025-07-24 00:58:36.33561+08	f	2
338	Project updated: MALL (PRN: newtest1) by admin	2025-07-24 00:58:36.33561+08	f	1
339	Project updated: MALL (PRN: newtest1) by admin	2025-07-24 00:58:36.336603+08	f	1
340	Project updated: MALL (PRN: newtest1) by admin	2025-07-24 00:58:36.336603+08	f	2
341	Project updated: MALL (PRN: newtest1) by admin	2025-07-24 00:58:36.341636+08	f	2
342	Project updated: MALL (PRN: newtest1) by admin	2025-07-24 00:58:36.341636+08	f	1
343	Project updated: MALL (PRN: newtest1) by admin	2025-07-24 00:58:36.343633+08	f	1
344	Project updated: MALL (PRN: newtest1) by admin	2025-07-24 00:58:36.343633+08	f	2
345	Project updated: MALL (PRN: newtest1) by admin	2025-07-24 00:58:36.34715+08	f	2
346	Project updated: MALL (PRN: newtest1) by admin	2025-07-24 00:58:36.34815+08	f	1
347	Project updated: MALL (PRN: newtest1) by admin	2025-07-24 00:58:36.349666+08	f	1
348	Project updated: MALL (PRN: newtest1) by admin	2025-07-24 00:58:36.349666+08	f	2
349	Project updated: MALL (PRN: newtest1) by admin	2025-07-24 00:58:36.354183+08	f	2
350	Project updated: MALL (PRN: newtest1) by admin	2025-07-24 00:58:36.354183+08	f	1
351	Project updated: MALL (PRN: newtest1) by admin	2025-07-24 00:58:36.355707+08	f	1
352	Project updated: MALL (PRN: newtest1) by admin	2025-07-24 00:58:36.355707+08	f	2
353	Project updated: MALL (PRN: newtest1) by admin	2025-07-24 00:58:36.360214+08	f	2
354	Project updated: MALL (PRN: newtest1) by admin	2025-07-24 00:58:36.360214+08	f	1
355	Project updated: MALL (PRN: newtest1) by admin	2025-07-24 00:58:36.361213+08	f	1
356	Project updated: MALL (PRN: newtest1) by admin	2025-07-24 00:58:36.361213+08	f	2
357	Project updated: MALL (PRN: newtest1) by admin	2025-07-24 00:58:36.365766+08	f	2
358	Project updated: MALL (PRN: newtest1) by admin	2025-07-24 00:58:36.365766+08	f	1
359	Project updated: MALL (PRN: newtest1) by admin	2025-07-24 00:58:36.367291+08	f	1
360	Project updated: MALL (PRN: newtest1) by admin	2025-07-24 00:58:36.367291+08	f	2
361	Project updated: MALL (PRN: newtest1) by admin	2025-07-24 00:58:36.371282+08	f	2
362	Project updated: MALL (PRN: newtest1) by admin	2025-07-24 00:58:36.371282+08	f	1
363	Project updated: MALL (PRN: newtest1) by admin	2025-07-24 00:58:36.372802+08	f	1
364	Project updated: MALL (PRN: newtest1) by admin	2025-07-24 00:58:36.37332+08	f	2
365	Project updated: MALL (PRN: newtest1) by admin	2025-07-24 00:58:36.377357+08	f	2
366	Project updated: MALL (PRN: newtest1) by admin	2025-07-24 00:58:36.377357+08	f	1
367	Project updated: MALL (PRN: newtest1) by admin	2025-07-24 00:58:36.378354+08	f	1
368	Project updated: MALL (PRN: newtest1) by admin	2025-07-24 00:58:36.378354+08	f	2
369	Project updated: MALL (PRN: newtest1) by admin	2025-07-24 00:58:36.382903+08	f	2
370	Project updated: MALL (PRN: newtest1) by admin	2025-07-24 00:58:36.383905+08	f	1
371	Project updated: MALL (PRN: newtest1) by admin	2025-07-24 00:58:36.385418+08	f	1
372	Project updated: MALL (PRN: newtest1) by admin	2025-07-24 00:58:36.385418+08	f	2
373	Project updated: MALL (PRN: newtest1) by admin	2025-07-24 00:58:36.388936+08	f	2
374	Project updated: MALL (PRN: newtest1) by admin	2025-07-24 00:58:36.389934+08	f	1
375	Project updated: MALL (PRN: newtest1) by admin	2025-07-24 00:58:36.390453+08	f	1
376	Project updated: MALL (PRN: newtest1) by admin	2025-07-24 00:58:36.391447+08	f	2
377	Project updated: MALL (PRN: newtest1) by admin	2025-07-24 00:58:36.396963+08	f	2
378	Project updated: MALL (PRN: newtest1) by admin	2025-07-24 00:58:36.396963+08	f	1
379	Project updated: MALL (PRN: newtest1) by admin	2025-07-24 00:58:36.397965+08	f	1
380	Project updated: MALL (PRN: newtest1) by admin	2025-07-24 00:58:36.398964+08	f	2
381	Project updated: MALL (PRN: newtest1) by admin	2025-07-24 00:58:36.40352+08	f	2
382	Project updated: MALL (PRN: newtest1) by admin	2025-07-24 00:58:36.40452+08	f	1
383	Project updated: MALL (PRN: newtest1) by admin	2025-07-24 00:58:36.406041+08	f	1
384	Project updated: MALL (PRN: newtest1) by admin	2025-07-24 00:58:36.406041+08	f	2
385	Project updated: MALL (PRN: newtest1) by admin	2025-07-24 00:58:36.41155+08	f	2
386	Project updated: MALL (PRN: newtest1) by admin	2025-07-24 00:58:36.41155+08	f	1
387	Project updated: MALL (PRN: newtest1) by admin	2025-07-24 00:58:36.413072+08	f	1
388	Project updated: MALL (PRN: newtest1) by admin	2025-07-24 00:58:36.414068+08	f	2
389	Project updated: MALL (PRN: newtest1) by admin	2025-07-24 00:58:36.419105+08	f	2
390	Project updated: MALL (PRN: newtest1) by admin	2025-07-24 00:58:36.419105+08	f	1
391	Project updated: MALL (PRN: newtest1) by admin	2025-07-24 00:58:36.420099+08	f	1
392	Project updated: MALL (PRN: newtest1) by admin	2025-07-24 00:58:36.421098+08	f	2
393	Project updated: MALL (PRN: newtest1) by admin	2025-07-24 00:58:36.425663+08	f	2
394	Project updated: MALL (PRN: newtest1) by admin	2025-07-24 00:58:36.426663+08	f	1
395	Project updated: MALL (PRN: newtest1) by admin	2025-07-24 00:58:36.427184+08	f	1
396	Project updated: MALL (PRN: newtest1) by admin	2025-07-24 00:58:36.428179+08	f	2
397	Project updated: MALL (PRN: newtest1) by admin	2025-07-24 00:58:36.432733+08	f	2
398	Project updated: MALL (PRN: newtest1) by admin	2025-07-24 00:58:36.433732+08	f	1
399	Project updated: MALL (PRN: newtest1) by admin	2025-07-24 00:58:36.434732+08	f	1
400	Project updated: MALL (PRN: newtest1) by admin	2025-07-24 00:58:36.434732+08	f	2
401	Project updated: MALL (PRN: newtest1) by admin	2025-07-24 00:58:36.43977+08	f	2
402	Project updated: MALL (PRN: newtest1) by admin	2025-07-24 00:58:36.440287+08	f	1
403	Project updated: MALL (PRN: newtest1) by admin	2025-07-24 00:58:36.440806+08	f	1
404	Project updated: MALL (PRN: newtest1) by admin	2025-07-24 00:58:36.441801+08	f	2
405	Project updated: MALL (PRN: newtest1) by admin	2025-07-24 00:58:36.447319+08	f	2
406	Project updated: MALL (PRN: newtest1) by admin	2025-07-24 00:58:36.447319+08	f	1
407	Project updated: MALL (PRN: newtest1) by admin	2025-07-24 00:58:36.448844+08	f	1
408	Project updated: MALL (PRN: newtest1) by admin	2025-07-24 00:58:36.448844+08	f	2
409	Project updated: MALL (PRN: newtest1) by admin	2025-07-24 00:58:36.455354+08	f	2
410	Project updated: MALL (PRN: newtest1) by admin	2025-07-24 00:58:36.455878+08	f	1
411	Project updated: MALL (PRN: newtest1) by admin	2025-07-24 00:58:36.456867+08	f	1
412	Project updated: MALL (PRN: newtest1) by admin	2025-07-24 00:58:36.457867+08	f	2
413	Project updated: MALL (PRN: newtest1) by admin	2025-07-24 00:58:36.462383+08	f	2
414	Project updated: MALL (PRN: newtest1) by admin	2025-07-24 00:58:36.462903+08	f	1
415	Project updated: MALL (PRN: newtest1) by admin	2025-07-24 00:58:36.463898+08	f	1
416	Project updated: MALL (PRN: newtest1) by admin	2025-07-24 00:58:36.464898+08	f	2
417	Project updated: MALL (PRN: newtest1) by admin	2025-07-24 00:58:36.46941+08	f	2
418	Project updated: MALL (PRN: newtest1) by admin	2025-07-24 00:58:36.469931+08	f	1
419	Project updated: MALL (PRN: newtest1) by admin	2025-07-24 00:58:36.47097+08	f	1
420	Project updated: MALL (PRN: newtest1) by admin	2025-07-24 00:58:36.47097+08	f	2
421	Project updated: MALL (PRN: newtest1) by admin	2025-07-24 00:58:36.475478+08	f	2
422	Project updated: MALL (PRN: newtest1) by admin	2025-07-24 00:58:36.476478+08	f	1
423	Project updated: MALL (PRN: newtest1) by admin	2025-07-24 00:58:36.476999+08	f	1
424	Project updated: MALL (PRN: newtest1) by admin	2025-07-24 00:58:36.477996+08	f	2
425	Project updated: MALL (PRN: newtest1) by admin	2025-07-24 00:58:36.482555+08	f	2
426	Project updated: MALL (PRN: newtest1) by admin	2025-07-24 00:58:36.483554+08	f	1
427	Project updated: MALL (PRN: newtest1) by admin	2025-07-24 00:58:36.484554+08	f	1
428	Project updated: MALL (PRN: newtest1) by admin	2025-07-24 00:58:36.484554+08	f	2
429	Project updated: MALL (PRN: newtest1) by admin	2025-07-24 00:58:36.489589+08	f	2
430	Project updated: MALL (PRN: newtest1) by admin	2025-07-24 00:58:36.490114+08	f	1
431	Project updated: MALL (PRN: newtest1) by admin	2025-07-24 00:58:36.490632+08	f	1
432	Project updated: MALL (PRN: newtest1) by admin	2025-07-24 00:58:36.491629+08	f	2
433	Project updated: MALL (PRN: newtest1) by admin	2025-07-24 00:58:36.496661+08	f	2
434	Project updated: MALL (PRN: newtest1) by admin	2025-07-24 00:58:36.49766+08	f	1
435	Project updated: MALL (PRN: newtest1) by admin	2025-07-24 00:58:36.49818+08	f	1
436	Project updated: MALL (PRN: newtest1) by admin	2025-07-24 00:58:36.499175+08	f	2
437	Project updated: MALL (PRN: newtest1) by admin	2025-07-24 00:58:36.556998+08	f	2
438	Project updated: MALL (PRN: newtest1) by admin	2025-07-24 00:58:36.557997+08	f	1
439	Project updated: MALL (PRN: newtest1) by admin	2025-07-24 00:58:36.557997+08	f	1
440	Project updated: MALL (PRN: newtest1) by admin	2025-07-24 00:58:36.558997+08	f	2
441	Project updated: MALL (PRN: newtest1) by admin	2025-07-24 00:58:36.600297+08	f	2
442	Project updated: MALL (PRN: newtest1) by admin	2025-07-24 00:58:36.600297+08	f	1
443	Project updated: MALL (PRN: newtest1) by admin	2025-07-24 00:58:36.601819+08	f	1
444	Project updated: MALL (PRN: newtest1) by admin	2025-07-24 00:58:36.601819+08	f	2
445	Project updated: MALL (PRN: newtest1) by admin	2025-07-24 00:58:36.607329+08	f	2
446	Project updated: MALL (PRN: newtest1) by admin	2025-07-24 00:58:36.607329+08	f	1
447	Project updated: MALL (PRN: newtest1) by admin	2025-07-24 00:58:36.608864+08	f	1
448	Project updated: MALL (PRN: newtest1) by admin	2025-07-24 00:58:36.608864+08	f	2
449	Project updated: MALL (PRN: newtest1) by admin	2025-07-24 00:58:36.613359+08	f	2
450	Project updated: MALL (PRN: newtest1) by admin	2025-07-24 00:58:36.614359+08	f	1
451	Project updated: MALL (PRN: newtest1) by admin	2025-07-24 00:58:36.615881+08	f	1
452	Project updated: MALL (PRN: newtest1) by admin	2025-07-24 00:58:36.615881+08	f	2
453	Project updated: MALL (PRN: newtest1) by admin	2025-07-24 00:58:36.633969+08	f	2
454	Project updated: MALL (PRN: newtest1) by admin	2025-07-24 00:58:36.634971+08	f	1
455	Project updated: MALL (PRN: newtest1) by admin	2025-07-24 00:58:36.635491+08	f	1
456	Project updated: MALL (PRN: newtest1) by admin	2025-07-24 00:58:36.636489+08	f	2
457	Project updated: MALL (PRN: newtest1) by admin	2025-07-24 00:58:36.64001+08	f	2
458	Project updated: MALL (PRN: newtest1) by admin	2025-07-24 00:58:36.64101+08	f	1
459	Project updated: MALL (PRN: newtest1) by admin	2025-07-24 00:58:36.64201+08	f	1
460	Project updated: MALL (PRN: newtest1) by admin	2025-07-24 00:58:36.642539+08	f	2
461	Project updated: MALL (PRN: newtest1) by admin	2025-07-24 00:58:36.647117+08	f	2
462	Project updated: MALL (PRN: newtest1) by admin	2025-07-24 00:58:36.648105+08	f	1
463	Project updated: MALL (PRN: newtest1) by admin	2025-07-24 00:58:36.649104+08	f	1
464	Project updated: MALL (PRN: newtest1) by admin	2025-07-24 00:58:36.649104+08	f	2
465	Project updated: MALL (PRN: newtest1) by admin	2025-07-24 00:58:36.653683+08	f	2
466	Project updated: MALL (PRN: newtest1) by admin	2025-07-24 00:58:36.654676+08	f	1
467	Project updated: MALL (PRN: newtest1) by admin	2025-07-24 00:58:36.655676+08	f	1
468	Project updated: MALL (PRN: newtest1) by admin	2025-07-24 00:58:36.656202+08	f	2
469	New project created: MALL (PRN: newtest1) by admin	2025-07-24 00:58:36.664754+08	f	2
470	New project created: MALL (PRN: newtest1) by admin	2025-07-24 00:58:36.666279+08	f	1
471	New project created: MALL (PRN: newtest1) by admin	2025-07-24 00:58:36.667272+08	f	1
472	New project created: MALL (PRN: newtest1) by admin	2025-07-24 00:58:36.668271+08	f	2
\.


--
-- Data for Name: projeng_progressphoto; Type: TABLE DATA; Schema: public; Owner: postgres
--

COPY public.projeng_progressphoto (id, image, uploaded_at, progress_update_id) FROM stdin;
63	progress_photos/multi.jpg	2025-05-26 08:52:03.691977+08	67
64	progress_photos/road.webp	2025-06-16 20:28:40.448868+08	68
\.


--
-- Data for Name: projeng_project; Type: TABLE DATA; Schema: public; Owner: postgres
--

COPY public.projeng_project (id, name, description, status, start_date, end_date, created_at, updated_at, last_update, created_by_id, barangay, image, latitude, longitude, prn, project_cost, source_of_funds, progress) FROM stdin;
114	MALL	Convenience Store	in_progress	2025-07-24	2025-09-25	2025-07-24 00:58:35.395379+08	2025-07-24 00:58:35.799207+08	\N	1	Apokon	project_images/ff8a6f5f-7d53-41cf-b8b2-c042e4deefab.jfif	7.424511889688377	125.82838475704195	newtest1	13000000.00	40% Development Fund 2024	0
111	Street Lights	Test7	completed	2025-04-09	2025-05-26	2025-05-26 02:48:49.719773+08	2025-06-16 20:28:40.773764+08	\N	2	Mankilam	project_images/Mankilam.jfif	7.460390063722842	125.79105377197267	PRNtest7	1000000.00	20% Development Fund 2024	100
105	Construction/Rehabilitation of Public Cemeteries	Test Project1	in_progress	2024-12-31	2025-12-30	2025-05-26 02:44:49.078905+08	2025-05-26 08:52:03.983854+08	\N	2	Magugpo West	project_images/multi_gCRw6ya.jpg	7.455773140875008	125.80308616161348	PRNtest1	1000000.00	20% Development Fund 2024	79
112	Street Lights	Test8	planned	2025-05-30	2025-09-11	2025-05-26 02:49:20.743206+08	2025-05-26 02:49:21.510304+08	\N	2	New Balamban	project_images/tagum_vZRWP2D.jpg	7.4961589245901115	125.84655404090883	PRNtest8	1000000.00	20% Development Fund 2024	0
106	Concreating of Roads-GAD	Test2	in_progress	2024-12-31	2025-12-30	2025-05-26 02:45:47.462072+08	2025-05-26 02:45:48.197577+08	\N	2	Magugpo East	project_images/road_CqZgkEj.webp	7.447129577251773	125.82091212272645	PRNtest2	1000000.00	20% Development Fund 2024	0
107	Water tank	Test3	in_progress	2024-12-31	2025-12-30	2025-05-26 02:46:19.032044+08	2025-05-26 02:46:19.808829+08	\N	2	Magugpo Poblacion	project_images/palengke_XbRchN3.webp	7.445969996976031	125.80459356307985	PRNtest3	1000000.00	20% Development Fund 2024	0
113	Road Widening Project	Test9	delayed	2025-05-01	2025-05-17	2025-05-26 02:50:44.768718+08	2025-07-08 16:13:45.980018+08	\N	2	Pandapan	project_images/OIP_BcN7w4u.jfif	7.482452749947066	125.87731897830965	PRNtest9	1000000.00	20% Development Fund 2024	0
108	Street Lights	Test4	in_progress	2024-12-31	2025-12-30	2025-05-26 02:46:51.092747+08	2025-05-26 02:46:51.840441+08	\N	2	Magugpo West	project_images/camela.webp	7.459017757640618	125.8029091358185	PRNtest4	1000000.00	20% Development Fund 2024	0
109	Street Lights	Test5	in_progress	2024-12-31	2025-12-30	2025-05-26 02:47:26.18814+08	2025-05-26 02:47:27.030602+08	\N	2	San Agustin	project_images/day_care_LB4XPbj.webp	7.491084977710044	125.8254772424698	PRNtest5	1000000.00	20% Development Fund 2024	0
110	Street Lights	Test6	in_progress	2025-03-13	2025-05-25	2025-05-26 02:48:03.434014+08	2025-05-26 02:48:04.207772+08	\N	2	San Miguel	project_images/wilcon_WLOqto4.webp	7.4450816925799135	125.77515363693239	PRNtest6	1000000.00	20% Development Fund 2024	0
\.


--
-- Data for Name: projeng_project_assigned_engineers; Type: TABLE DATA; Schema: public; Owner: postgres
--

COPY public.projeng_project_assigned_engineers (id, project_id, user_id) FROM stdin;
154	105	3
155	105	4
156	106	4
157	107	4
158	108	4
159	109	4
160	110	3
161	111	3
162	111	4
163	112	3
164	112	4
165	113	3
166	113	4
167	106	2
168	105	2
169	113	2
170	111	2
171	112	2
172	110	2
173	108	2
174	109	2
175	107	2
176	114	3
\.


--
-- Data for Name: projeng_projectcost; Type: TABLE DATA; Schema: public; Owner: postgres
--

COPY public.projeng_projectcost (id, date, cost_type, description, amount, receipt, created_at, created_by_id, project_id) FROM stdin;
\.


--
-- Data for Name: projeng_projectdocument; Type: TABLE DATA; Schema: public; Owner: postgres
--

COPY public.projeng_projectdocument (id, file, name, uploaded_at, project_id, uploaded_by_id) FROM stdin;
\.


--
-- Data for Name: projeng_projectprogress; Type: TABLE DATA; Schema: public; Owner: postgres
--

COPY public.projeng_projectprogress (id, date, percentage_complete, description, created_at, created_by_id, project_id) FROM stdin;
67	2025-05-26	79	test progress bar	2025-05-26 08:52:03.188464+08	3	105
68	2025-06-16	100	fully completed	2025-06-16 20:28:39.843842+08	3	111
\.


--
-- Name: auth_group_id_seq; Type: SEQUENCE SET; Schema: public; Owner: postgres
--

SELECT pg_catalog.setval('public.auth_group_id_seq', 3, true);


--
-- Name: auth_group_permissions_id_seq; Type: SEQUENCE SET; Schema: public; Owner: postgres
--

SELECT pg_catalog.setval('public.auth_group_permissions_id_seq', 136, true);


--
-- Name: auth_permission_id_seq; Type: SEQUENCE SET; Schema: public; Owner: postgres
--

SELECT pg_catalog.setval('public.auth_permission_id_seq', 56, true);


--
-- Name: auth_user_groups_id_seq; Type: SEQUENCE SET; Schema: public; Owner: postgres
--

SELECT pg_catalog.setval('public.auth_user_groups_id_seq', 8, true);


--
-- Name: auth_user_id_seq; Type: SEQUENCE SET; Schema: public; Owner: postgres
--

SELECT pg_catalog.setval('public.auth_user_id_seq', 5, true);


--
-- Name: auth_user_user_permissions_id_seq; Type: SEQUENCE SET; Schema: public; Owner: postgres
--

SELECT pg_catalog.setval('public.auth_user_user_permissions_id_seq', 97, true);


--
-- Name: django_admin_log_id_seq; Type: SEQUENCE SET; Schema: public; Owner: postgres
--

SELECT pg_catalog.setval('public.django_admin_log_id_seq', 226, true);


--
-- Name: django_content_type_id_seq; Type: SEQUENCE SET; Schema: public; Owner: postgres
--

SELECT pg_catalog.setval('public.django_content_type_id_seq', 14, true);


--
-- Name: django_migrations_id_seq; Type: SEQUENCE SET; Schema: public; Owner: postgres
--

SELECT pg_catalog.setval('public.django_migrations_id_seq', 47, true);


--
-- Name: monitoring_project_assigned_engineers_id_seq; Type: SEQUENCE SET; Schema: public; Owner: postgres
--

SELECT pg_catalog.setval('public.monitoring_project_assigned_engineers_id_seq', 174, true);


--
-- Name: monitoring_project_id_seq; Type: SEQUENCE SET; Schema: public; Owner: postgres
--

SELECT pg_catalog.setval('public.monitoring_project_id_seq', 139, true);


--
-- Name: projeng_layer_id_seq; Type: SEQUENCE SET; Schema: public; Owner: postgres
--

SELECT pg_catalog.setval('public.projeng_layer_id_seq', 1, false);


--
-- Name: projeng_notification_id_seq; Type: SEQUENCE SET; Schema: public; Owner: postgres
--

SELECT pg_catalog.setval('public.projeng_notification_id_seq', 472, true);


--
-- Name: projeng_progressphoto_id_seq; Type: SEQUENCE SET; Schema: public; Owner: postgres
--

SELECT pg_catalog.setval('public.projeng_progressphoto_id_seq', 64, true);


--
-- Name: projeng_project_assigned_engineers_id_seq; Type: SEQUENCE SET; Schema: public; Owner: postgres
--

SELECT pg_catalog.setval('public.projeng_project_assigned_engineers_id_seq', 176, true);


--
-- Name: projeng_project_id_seq; Type: SEQUENCE SET; Schema: public; Owner: postgres
--

SELECT pg_catalog.setval('public.projeng_project_id_seq', 114, true);


--
-- Name: projeng_projectcost_id_seq; Type: SEQUENCE SET; Schema: public; Owner: postgres
--

SELECT pg_catalog.setval('public.projeng_projectcost_id_seq', 8, true);


--
-- Name: projeng_projectdocument_id_seq; Type: SEQUENCE SET; Schema: public; Owner: postgres
--

SELECT pg_catalog.setval('public.projeng_projectdocument_id_seq', 1, false);


--
-- Name: projeng_projectprogress_id_seq; Type: SEQUENCE SET; Schema: public; Owner: postgres
--

SELECT pg_catalog.setval('public.projeng_projectprogress_id_seq', 68, true);


--
-- Name: auth_group auth_group_name_key; Type: CONSTRAINT; Schema: public; Owner: postgres
--

ALTER TABLE ONLY public.auth_group
    ADD CONSTRAINT auth_group_name_key UNIQUE (name);


--
-- Name: auth_group_permissions auth_group_permissions_group_id_permission_id_0cd325b0_uniq; Type: CONSTRAINT; Schema: public; Owner: postgres
--

ALTER TABLE ONLY public.auth_group_permissions
    ADD CONSTRAINT auth_group_permissions_group_id_permission_id_0cd325b0_uniq UNIQUE (group_id, permission_id);


--
-- Name: auth_group_permissions auth_group_permissions_pkey; Type: CONSTRAINT; Schema: public; Owner: postgres
--

ALTER TABLE ONLY public.auth_group_permissions
    ADD CONSTRAINT auth_group_permissions_pkey PRIMARY KEY (id);


--
-- Name: auth_group auth_group_pkey; Type: CONSTRAINT; Schema: public; Owner: postgres
--

ALTER TABLE ONLY public.auth_group
    ADD CONSTRAINT auth_group_pkey PRIMARY KEY (id);


--
-- Name: auth_permission auth_permission_content_type_id_codename_01ab375a_uniq; Type: CONSTRAINT; Schema: public; Owner: postgres
--

ALTER TABLE ONLY public.auth_permission
    ADD CONSTRAINT auth_permission_content_type_id_codename_01ab375a_uniq UNIQUE (content_type_id, codename);


--
-- Name: auth_permission auth_permission_pkey; Type: CONSTRAINT; Schema: public; Owner: postgres
--

ALTER TABLE ONLY public.auth_permission
    ADD CONSTRAINT auth_permission_pkey PRIMARY KEY (id);


--
-- Name: auth_user_groups auth_user_groups_pkey; Type: CONSTRAINT; Schema: public; Owner: postgres
--

ALTER TABLE ONLY public.auth_user_groups
    ADD CONSTRAINT auth_user_groups_pkey PRIMARY KEY (id);


--
-- Name: auth_user_groups auth_user_groups_user_id_group_id_94350c0c_uniq; Type: CONSTRAINT; Schema: public; Owner: postgres
--

ALTER TABLE ONLY public.auth_user_groups
    ADD CONSTRAINT auth_user_groups_user_id_group_id_94350c0c_uniq UNIQUE (user_id, group_id);


--
-- Name: auth_user auth_user_pkey; Type: CONSTRAINT; Schema: public; Owner: postgres
--

ALTER TABLE ONLY public.auth_user
    ADD CONSTRAINT auth_user_pkey PRIMARY KEY (id);


--
-- Name: auth_user_user_permissions auth_user_user_permissions_pkey; Type: CONSTRAINT; Schema: public; Owner: postgres
--

ALTER TABLE ONLY public.auth_user_user_permissions
    ADD CONSTRAINT auth_user_user_permissions_pkey PRIMARY KEY (id);


--
-- Name: auth_user_user_permissions auth_user_user_permissions_user_id_permission_id_14a6b632_uniq; Type: CONSTRAINT; Schema: public; Owner: postgres
--

ALTER TABLE ONLY public.auth_user_user_permissions
    ADD CONSTRAINT auth_user_user_permissions_user_id_permission_id_14a6b632_uniq UNIQUE (user_id, permission_id);


--
-- Name: auth_user auth_user_username_key; Type: CONSTRAINT; Schema: public; Owner: postgres
--

ALTER TABLE ONLY public.auth_user
    ADD CONSTRAINT auth_user_username_key UNIQUE (username);


--
-- Name: django_admin_log django_admin_log_pkey; Type: CONSTRAINT; Schema: public; Owner: postgres
--

ALTER TABLE ONLY public.django_admin_log
    ADD CONSTRAINT django_admin_log_pkey PRIMARY KEY (id);


--
-- Name: django_content_type django_content_type_app_label_model_76bd3d3b_uniq; Type: CONSTRAINT; Schema: public; Owner: postgres
--

ALTER TABLE ONLY public.django_content_type
    ADD CONSTRAINT django_content_type_app_label_model_76bd3d3b_uniq UNIQUE (app_label, model);


--
-- Name: django_content_type django_content_type_pkey; Type: CONSTRAINT; Schema: public; Owner: postgres
--

ALTER TABLE ONLY public.django_content_type
    ADD CONSTRAINT django_content_type_pkey PRIMARY KEY (id);


--
-- Name: django_migrations django_migrations_pkey; Type: CONSTRAINT; Schema: public; Owner: postgres
--

ALTER TABLE ONLY public.django_migrations
    ADD CONSTRAINT django_migrations_pkey PRIMARY KEY (id);


--
-- Name: django_session django_session_pkey; Type: CONSTRAINT; Schema: public; Owner: postgres
--

ALTER TABLE ONLY public.django_session
    ADD CONSTRAINT django_session_pkey PRIMARY KEY (session_key);


--
-- Name: monitoring_project_assigned_engineers monitoring_project_assig_project_id_user_id_da349d22_uniq; Type: CONSTRAINT; Schema: public; Owner: postgres
--

ALTER TABLE ONLY public.monitoring_project_assigned_engineers
    ADD CONSTRAINT monitoring_project_assig_project_id_user_id_da349d22_uniq UNIQUE (project_id, user_id);


--
-- Name: monitoring_project_assigned_engineers monitoring_project_assigned_engineers_pkey; Type: CONSTRAINT; Schema: public; Owner: postgres
--

ALTER TABLE ONLY public.monitoring_project_assigned_engineers
    ADD CONSTRAINT monitoring_project_assigned_engineers_pkey PRIMARY KEY (id);


--
-- Name: monitoring_project monitoring_project_pkey; Type: CONSTRAINT; Schema: public; Owner: postgres
--

ALTER TABLE ONLY public.monitoring_project
    ADD CONSTRAINT monitoring_project_pkey PRIMARY KEY (id);


--
-- Name: projeng_layer projeng_layer_pkey; Type: CONSTRAINT; Schema: public; Owner: postgres
--

ALTER TABLE ONLY public.projeng_layer
    ADD CONSTRAINT projeng_layer_pkey PRIMARY KEY (id);


--
-- Name: projeng_notification projeng_notification_pkey; Type: CONSTRAINT; Schema: public; Owner: postgres
--

ALTER TABLE ONLY public.projeng_notification
    ADD CONSTRAINT projeng_notification_pkey PRIMARY KEY (id);


--
-- Name: projeng_progressphoto projeng_progressphoto_pkey; Type: CONSTRAINT; Schema: public; Owner: postgres
--

ALTER TABLE ONLY public.projeng_progressphoto
    ADD CONSTRAINT projeng_progressphoto_pkey PRIMARY KEY (id);


--
-- Name: projeng_project_assigned_engineers projeng_project_assigned_engineers_pkey; Type: CONSTRAINT; Schema: public; Owner: postgres
--

ALTER TABLE ONLY public.projeng_project_assigned_engineers
    ADD CONSTRAINT projeng_project_assigned_engineers_pkey PRIMARY KEY (id);


--
-- Name: projeng_project_assigned_engineers projeng_project_assigned_project_id_user_id_87dac497_uniq; Type: CONSTRAINT; Schema: public; Owner: postgres
--

ALTER TABLE ONLY public.projeng_project_assigned_engineers
    ADD CONSTRAINT projeng_project_assigned_project_id_user_id_87dac497_uniq UNIQUE (project_id, user_id);


--
-- Name: projeng_project projeng_project_pkey; Type: CONSTRAINT; Schema: public; Owner: postgres
--

ALTER TABLE ONLY public.projeng_project
    ADD CONSTRAINT projeng_project_pkey PRIMARY KEY (id);


--
-- Name: projeng_projectcost projeng_projectcost_pkey; Type: CONSTRAINT; Schema: public; Owner: postgres
--

ALTER TABLE ONLY public.projeng_projectcost
    ADD CONSTRAINT projeng_projectcost_pkey PRIMARY KEY (id);


--
-- Name: projeng_projectdocument projeng_projectdocument_pkey; Type: CONSTRAINT; Schema: public; Owner: postgres
--

ALTER TABLE ONLY public.projeng_projectdocument
    ADD CONSTRAINT projeng_projectdocument_pkey PRIMARY KEY (id);


--
-- Name: projeng_projectprogress projeng_projectprogress_pkey; Type: CONSTRAINT; Schema: public; Owner: postgres
--

ALTER TABLE ONLY public.projeng_projectprogress
    ADD CONSTRAINT projeng_projectprogress_pkey PRIMARY KEY (id);


--
-- Name: auth_group_name_a6ea08ec_like; Type: INDEX; Schema: public; Owner: postgres
--

CREATE INDEX auth_group_name_a6ea08ec_like ON public.auth_group USING btree (name varchar_pattern_ops);


--
-- Name: auth_group_permissions_group_id_b120cbf9; Type: INDEX; Schema: public; Owner: postgres
--

CREATE INDEX auth_group_permissions_group_id_b120cbf9 ON public.auth_group_permissions USING btree (group_id);


--
-- Name: auth_group_permissions_permission_id_84c5c92e; Type: INDEX; Schema: public; Owner: postgres
--

CREATE INDEX auth_group_permissions_permission_id_84c5c92e ON public.auth_group_permissions USING btree (permission_id);


--
-- Name: auth_permission_content_type_id_2f476e4b; Type: INDEX; Schema: public; Owner: postgres
--

CREATE INDEX auth_permission_content_type_id_2f476e4b ON public.auth_permission USING btree (content_type_id);


--
-- Name: auth_user_groups_group_id_97559544; Type: INDEX; Schema: public; Owner: postgres
--

CREATE INDEX auth_user_groups_group_id_97559544 ON public.auth_user_groups USING btree (group_id);


--
-- Name: auth_user_groups_user_id_6a12ed8b; Type: INDEX; Schema: public; Owner: postgres
--

CREATE INDEX auth_user_groups_user_id_6a12ed8b ON public.auth_user_groups USING btree (user_id);


--
-- Name: auth_user_user_permissions_permission_id_1fbb5f2c; Type: INDEX; Schema: public; Owner: postgres
--

CREATE INDEX auth_user_user_permissions_permission_id_1fbb5f2c ON public.auth_user_user_permissions USING btree (permission_id);


--
-- Name: auth_user_user_permissions_user_id_a95ead1b; Type: INDEX; Schema: public; Owner: postgres
--

CREATE INDEX auth_user_user_permissions_user_id_a95ead1b ON public.auth_user_user_permissions USING btree (user_id);


--
-- Name: auth_user_username_6821ab7c_like; Type: INDEX; Schema: public; Owner: postgres
--

CREATE INDEX auth_user_username_6821ab7c_like ON public.auth_user USING btree (username varchar_pattern_ops);


--
-- Name: django_admin_log_content_type_id_c4bce8eb; Type: INDEX; Schema: public; Owner: postgres
--

CREATE INDEX django_admin_log_content_type_id_c4bce8eb ON public.django_admin_log USING btree (content_type_id);


--
-- Name: django_admin_log_user_id_c564eba6; Type: INDEX; Schema: public; Owner: postgres
--

CREATE INDEX django_admin_log_user_id_c564eba6 ON public.django_admin_log USING btree (user_id);


--
-- Name: django_session_expire_date_a5c62663; Type: INDEX; Schema: public; Owner: postgres
--

CREATE INDEX django_session_expire_date_a5c62663 ON public.django_session USING btree (expire_date);


--
-- Name: django_session_session_key_c0390e0f_like; Type: INDEX; Schema: public; Owner: postgres
--

CREATE INDEX django_session_session_key_c0390e0f_like ON public.django_session USING btree (session_key varchar_pattern_ops);


--
-- Name: monitoring_project_assigned_engineers_project_id_e1c0059c; Type: INDEX; Schema: public; Owner: postgres
--

CREATE INDEX monitoring_project_assigned_engineers_project_id_e1c0059c ON public.monitoring_project_assigned_engineers USING btree (project_id);


--
-- Name: monitoring_project_assigned_engineers_user_id_d8b92148; Type: INDEX; Schema: public; Owner: postgres
--

CREATE INDEX monitoring_project_assigned_engineers_user_id_d8b92148 ON public.monitoring_project_assigned_engineers USING btree (user_id);


--
-- Name: projeng_layer_created_by_id_3b998825; Type: INDEX; Schema: public; Owner: postgres
--

CREATE INDEX projeng_layer_created_by_id_3b998825 ON public.projeng_layer USING btree (created_by_id);


--
-- Name: projeng_notification_recipient_id_955f577d; Type: INDEX; Schema: public; Owner: postgres
--

CREATE INDEX projeng_notification_recipient_id_955f577d ON public.projeng_notification USING btree (recipient_id);


--
-- Name: projeng_progressphoto_progress_update_id_48018233; Type: INDEX; Schema: public; Owner: postgres
--

CREATE INDEX projeng_progressphoto_progress_update_id_48018233 ON public.projeng_progressphoto USING btree (progress_update_id);


--
-- Name: projeng_project_assigned_engineers_project_id_726bf468; Type: INDEX; Schema: public; Owner: postgres
--

CREATE INDEX projeng_project_assigned_engineers_project_id_726bf468 ON public.projeng_project_assigned_engineers USING btree (project_id);


--
-- Name: projeng_project_assigned_engineers_user_id_0ee68416; Type: INDEX; Schema: public; Owner: postgres
--

CREATE INDEX projeng_project_assigned_engineers_user_id_0ee68416 ON public.projeng_project_assigned_engineers USING btree (user_id);


--
-- Name: projeng_project_created_by_id_bd3c1e8f; Type: INDEX; Schema: public; Owner: postgres
--

CREATE INDEX projeng_project_created_by_id_bd3c1e8f ON public.projeng_project USING btree (created_by_id);


--
-- Name: projeng_projectcost_created_by_id_45eabc93; Type: INDEX; Schema: public; Owner: postgres
--

CREATE INDEX projeng_projectcost_created_by_id_45eabc93 ON public.projeng_projectcost USING btree (created_by_id);


--
-- Name: projeng_projectcost_project_id_26d7543b; Type: INDEX; Schema: public; Owner: postgres
--

CREATE INDEX projeng_projectcost_project_id_26d7543b ON public.projeng_projectcost USING btree (project_id);


--
-- Name: projeng_projectdocument_project_id_d46a3a87; Type: INDEX; Schema: public; Owner: postgres
--

CREATE INDEX projeng_projectdocument_project_id_d46a3a87 ON public.projeng_projectdocument USING btree (project_id);


--
-- Name: projeng_projectdocument_uploaded_by_id_baa37aa0; Type: INDEX; Schema: public; Owner: postgres
--

CREATE INDEX projeng_projectdocument_uploaded_by_id_baa37aa0 ON public.projeng_projectdocument USING btree (uploaded_by_id);


--
-- Name: projeng_projectprogress_created_by_id_bf4a950f; Type: INDEX; Schema: public; Owner: postgres
--

CREATE INDEX projeng_projectprogress_created_by_id_bf4a950f ON public.projeng_projectprogress USING btree (created_by_id);


--
-- Name: projeng_projectprogress_project_id_dcd92bbc; Type: INDEX; Schema: public; Owner: postgres
--

CREATE INDEX projeng_projectprogress_project_id_dcd92bbc ON public.projeng_projectprogress USING btree (project_id);


--
-- Name: auth_group_permissions auth_group_permissio_permission_id_84c5c92e_fk_auth_perm; Type: FK CONSTRAINT; Schema: public; Owner: postgres
--

ALTER TABLE ONLY public.auth_group_permissions
    ADD CONSTRAINT auth_group_permissio_permission_id_84c5c92e_fk_auth_perm FOREIGN KEY (permission_id) REFERENCES public.auth_permission(id) DEFERRABLE INITIALLY DEFERRED;


--
-- Name: auth_group_permissions auth_group_permissions_group_id_b120cbf9_fk_auth_group_id; Type: FK CONSTRAINT; Schema: public; Owner: postgres
--

ALTER TABLE ONLY public.auth_group_permissions
    ADD CONSTRAINT auth_group_permissions_group_id_b120cbf9_fk_auth_group_id FOREIGN KEY (group_id) REFERENCES public.auth_group(id) DEFERRABLE INITIALLY DEFERRED;


--
-- Name: auth_permission auth_permission_content_type_id_2f476e4b_fk_django_co; Type: FK CONSTRAINT; Schema: public; Owner: postgres
--

ALTER TABLE ONLY public.auth_permission
    ADD CONSTRAINT auth_permission_content_type_id_2f476e4b_fk_django_co FOREIGN KEY (content_type_id) REFERENCES public.django_content_type(id) DEFERRABLE INITIALLY DEFERRED;


--
-- Name: auth_user_groups auth_user_groups_group_id_97559544_fk_auth_group_id; Type: FK CONSTRAINT; Schema: public; Owner: postgres
--

ALTER TABLE ONLY public.auth_user_groups
    ADD CONSTRAINT auth_user_groups_group_id_97559544_fk_auth_group_id FOREIGN KEY (group_id) REFERENCES public.auth_group(id) DEFERRABLE INITIALLY DEFERRED;


--
-- Name: auth_user_groups auth_user_groups_user_id_6a12ed8b_fk_auth_user_id; Type: FK CONSTRAINT; Schema: public; Owner: postgres
--

ALTER TABLE ONLY public.auth_user_groups
    ADD CONSTRAINT auth_user_groups_user_id_6a12ed8b_fk_auth_user_id FOREIGN KEY (user_id) REFERENCES public.auth_user(id) DEFERRABLE INITIALLY DEFERRED;


--
-- Name: auth_user_user_permissions auth_user_user_permi_permission_id_1fbb5f2c_fk_auth_perm; Type: FK CONSTRAINT; Schema: public; Owner: postgres
--

ALTER TABLE ONLY public.auth_user_user_permissions
    ADD CONSTRAINT auth_user_user_permi_permission_id_1fbb5f2c_fk_auth_perm FOREIGN KEY (permission_id) REFERENCES public.auth_permission(id) DEFERRABLE INITIALLY DEFERRED;


--
-- Name: auth_user_user_permissions auth_user_user_permissions_user_id_a95ead1b_fk_auth_user_id; Type: FK CONSTRAINT; Schema: public; Owner: postgres
--

ALTER TABLE ONLY public.auth_user_user_permissions
    ADD CONSTRAINT auth_user_user_permissions_user_id_a95ead1b_fk_auth_user_id FOREIGN KEY (user_id) REFERENCES public.auth_user(id) DEFERRABLE INITIALLY DEFERRED;


--
-- Name: django_admin_log django_admin_log_content_type_id_c4bce8eb_fk_django_co; Type: FK CONSTRAINT; Schema: public; Owner: postgres
--

ALTER TABLE ONLY public.django_admin_log
    ADD CONSTRAINT django_admin_log_content_type_id_c4bce8eb_fk_django_co FOREIGN KEY (content_type_id) REFERENCES public.django_content_type(id) DEFERRABLE INITIALLY DEFERRED;


--
-- Name: django_admin_log django_admin_log_user_id_c564eba6_fk_auth_user_id; Type: FK CONSTRAINT; Schema: public; Owner: postgres
--

ALTER TABLE ONLY public.django_admin_log
    ADD CONSTRAINT django_admin_log_user_id_c564eba6_fk_auth_user_id FOREIGN KEY (user_id) REFERENCES public.auth_user(id) DEFERRABLE INITIALLY DEFERRED;


--
-- Name: monitoring_project_assigned_engineers monitoring_project_a_project_id_e1c0059c_fk_monitorin; Type: FK CONSTRAINT; Schema: public; Owner: postgres
--

ALTER TABLE ONLY public.monitoring_project_assigned_engineers
    ADD CONSTRAINT monitoring_project_a_project_id_e1c0059c_fk_monitorin FOREIGN KEY (project_id) REFERENCES public.monitoring_project(id) DEFERRABLE INITIALLY DEFERRED;


--
-- Name: monitoring_project_assigned_engineers monitoring_project_a_user_id_d8b92148_fk_auth_user; Type: FK CONSTRAINT; Schema: public; Owner: postgres
--

ALTER TABLE ONLY public.monitoring_project_assigned_engineers
    ADD CONSTRAINT monitoring_project_a_user_id_d8b92148_fk_auth_user FOREIGN KEY (user_id) REFERENCES public.auth_user(id) DEFERRABLE INITIALLY DEFERRED;


--
-- Name: projeng_layer projeng_layer_created_by_id_3b998825_fk_auth_user_id; Type: FK CONSTRAINT; Schema: public; Owner: postgres
--

ALTER TABLE ONLY public.projeng_layer
    ADD CONSTRAINT projeng_layer_created_by_id_3b998825_fk_auth_user_id FOREIGN KEY (created_by_id) REFERENCES public.auth_user(id) DEFERRABLE INITIALLY DEFERRED;


--
-- Name: projeng_notification projeng_notification_recipient_id_955f577d_fk_auth_user_id; Type: FK CONSTRAINT; Schema: public; Owner: postgres
--

ALTER TABLE ONLY public.projeng_notification
    ADD CONSTRAINT projeng_notification_recipient_id_955f577d_fk_auth_user_id FOREIGN KEY (recipient_id) REFERENCES public.auth_user(id) DEFERRABLE INITIALLY DEFERRED;


--
-- Name: projeng_progressphoto projeng_progressphot_progress_update_id_48018233_fk_projeng_p; Type: FK CONSTRAINT; Schema: public; Owner: postgres
--

ALTER TABLE ONLY public.projeng_progressphoto
    ADD CONSTRAINT projeng_progressphot_progress_update_id_48018233_fk_projeng_p FOREIGN KEY (progress_update_id) REFERENCES public.projeng_projectprogress(id) DEFERRABLE INITIALLY DEFERRED;


--
-- Name: projeng_project_assigned_engineers projeng_project_assi_project_id_726bf468_fk_projeng_p; Type: FK CONSTRAINT; Schema: public; Owner: postgres
--

ALTER TABLE ONLY public.projeng_project_assigned_engineers
    ADD CONSTRAINT projeng_project_assi_project_id_726bf468_fk_projeng_p FOREIGN KEY (project_id) REFERENCES public.projeng_project(id) DEFERRABLE INITIALLY DEFERRED;


--
-- Name: projeng_project_assigned_engineers projeng_project_assi_user_id_0ee68416_fk_auth_user; Type: FK CONSTRAINT; Schema: public; Owner: postgres
--

ALTER TABLE ONLY public.projeng_project_assigned_engineers
    ADD CONSTRAINT projeng_project_assi_user_id_0ee68416_fk_auth_user FOREIGN KEY (user_id) REFERENCES public.auth_user(id) DEFERRABLE INITIALLY DEFERRED;


--
-- Name: projeng_project projeng_project_created_by_id_bd3c1e8f_fk_auth_user_id; Type: FK CONSTRAINT; Schema: public; Owner: postgres
--

ALTER TABLE ONLY public.projeng_project
    ADD CONSTRAINT projeng_project_created_by_id_bd3c1e8f_fk_auth_user_id FOREIGN KEY (created_by_id) REFERENCES public.auth_user(id) DEFERRABLE INITIALLY DEFERRED;


--
-- Name: projeng_projectcost projeng_projectcost_created_by_id_45eabc93_fk_auth_user_id; Type: FK CONSTRAINT; Schema: public; Owner: postgres
--

ALTER TABLE ONLY public.projeng_projectcost
    ADD CONSTRAINT projeng_projectcost_created_by_id_45eabc93_fk_auth_user_id FOREIGN KEY (created_by_id) REFERENCES public.auth_user(id) DEFERRABLE INITIALLY DEFERRED;


--
-- Name: projeng_projectcost projeng_projectcost_project_id_26d7543b_fk_projeng_project_id; Type: FK CONSTRAINT; Schema: public; Owner: postgres
--

ALTER TABLE ONLY public.projeng_projectcost
    ADD CONSTRAINT projeng_projectcost_project_id_26d7543b_fk_projeng_project_id FOREIGN KEY (project_id) REFERENCES public.projeng_project(id) DEFERRABLE INITIALLY DEFERRED;


--
-- Name: projeng_projectdocument projeng_projectdocum_project_id_d46a3a87_fk_projeng_p; Type: FK CONSTRAINT; Schema: public; Owner: postgres
--

ALTER TABLE ONLY public.projeng_projectdocument
    ADD CONSTRAINT projeng_projectdocum_project_id_d46a3a87_fk_projeng_p FOREIGN KEY (project_id) REFERENCES public.projeng_project(id) DEFERRABLE INITIALLY DEFERRED;


--
-- Name: projeng_projectdocument projeng_projectdocument_uploaded_by_id_baa37aa0_fk_auth_user_id; Type: FK CONSTRAINT; Schema: public; Owner: postgres
--

ALTER TABLE ONLY public.projeng_projectdocument
    ADD CONSTRAINT projeng_projectdocument_uploaded_by_id_baa37aa0_fk_auth_user_id FOREIGN KEY (uploaded_by_id) REFERENCES public.auth_user(id) DEFERRABLE INITIALLY DEFERRED;


--
-- Name: projeng_projectprogress projeng_projectprogr_project_id_dcd92bbc_fk_projeng_p; Type: FK CONSTRAINT; Schema: public; Owner: postgres
--

ALTER TABLE ONLY public.projeng_projectprogress
    ADD CONSTRAINT projeng_projectprogr_project_id_dcd92bbc_fk_projeng_p FOREIGN KEY (project_id) REFERENCES public.projeng_project(id) DEFERRABLE INITIALLY DEFERRED;


--
-- Name: projeng_projectprogress projeng_projectprogress_created_by_id_bf4a950f_fk_auth_user_id; Type: FK CONSTRAINT; Schema: public; Owner: postgres
--

ALTER TABLE ONLY public.projeng_projectprogress
    ADD CONSTRAINT projeng_projectprogress_created_by_id_bf4a950f_fk_auth_user_id FOREIGN KEY (created_by_id) REFERENCES public.auth_user(id) DEFERRABLE INITIALLY DEFERRED;


--
-- PostgreSQL database dump complete
--

\unrestrict EH02WELw3nd1NFk3DhRpayS1cLBiPblE1MkJm2KiGeb2HBmVD5AI2akYxEJDjPq

